id,age,backpack,bag,handbag,clothes,down,up,hair,hat,gender,upblack,upwhite,upred,uppurple,upyellow,upgray,upblue,upgreen,downblack,downwhite,downpink,downpurple,downyellow,downgray,downblue,downgreen,downbrown,upmulticolor,downmulticolor
474,2,1,1,1,1,2,2,2,1,2,1,2,1,1,1,1,1,1,1,2,1,1,1,1,1,1,1,1,1
857,2,1,2,1,2,2,2,2,1,2,2,1,1,1,1,1,1,1,1,1,1,1,1,1,1,1,2,1,1
1487,2,2,1,1,2,2,2,1,1,1,2,1,1,1,1,1,1,1,1,1,1,1,1,1,2,1,1,1,1
1422,2,1,2,1,2,2,2,1,1,1,1,2,1,1,1,1,1,1,2,1,1,1,1,1,1,1,1,1,1
856,2,2,1,1,2,2,2,2,1,2,1,2,1,1,1,1,1,1,2,1,1,1,1,1,1,1,1,1,1
391,2,2,1,1,2,2,2,2,1,2,1,1,2,1,1,1,1,1,1,1,1,1,1,2,1,1,1,1,1
632,3,1,1,1,2,2,2,1,1,1,1,1,1,1,1,1,1,1,2,1,1,1,1,1,1,1,1,2,1
59,4,1,1,1,2,1,2,1,1,1,1,1,2,1,1,1,1,1,1,1,1,1,1,2,1,1,1,1,1
1193,2,1,2,1,2,2,2,2,1,2,1,2,1,1,1,1,1,1,1,1,1,1,1,1,1,2,1,1,1
1225,2,2,1,1,2,2,2,2,1,2,1,1,2,1,1,1,1,1,1,1,1,1,1,1,1,1,1,1,2
589,2,2,1,1,2,2,2,1,1,1,2,1,1,1,1,1,1,1,2,1,1,1,1,1,1,1,1,1,1
875,3,1,1,1,2,1,2,1,1,1,1,1,2,1,1,1,1,1,1,2,1,1,1,1,1,1,1,1,1
1102,2,1,1,1,2,1,2,1,1,1,1,1,1,2,1,1,1,1,1,1,1,1,1,1,2,1,1,1,1
1194,2,1,1,1,2,1,2,2,1,2,1,1,1,2,1,1,1,1,2,1,1,1,1,1,1,1,1,1,1
18,2,1,1,1,2,1,2,1,1,2,1,2,1,1,1,1,1,1,2,1,1,1,1,1,1,1,1,1,1
927,2,2,1,1,2,2,2,1,1,1,1,2,1,1,1,1,1,1,1,1,1,1,1,2,1,1,1,1,1
1406,2,2,1,1,2,2,2,1,1,1,1,1,2,1,1,1,1,1,2,1,1,1,1,1,1,1,1,1,1
853,2,1,1,1,2,1,2,1,1,1,1,2,1,1,1,1,1,1,2,1,1,1,1,1,1,1,1,1,1
900,2,2,1,1,2,1,2,1,2,1,2,1,1,1,1,1,1,1,2,1,1,1,1,1,1,1,1,1,1
1296,3,1,1,1,2,1,2,1,1,1,1,1,1,1,1,2,1,1,1,1,1,1,1,2,1,1,1,1,1
947,2,2,1,1,2,1,1,1,1,1,1,1,1,1,1,1,1,1,2,1,1,1,1,1,1,1,1,2,1
191,3,1,1,2,2,2,2,2,1,2,2,1,1,1,1,1,1,1,2,1,1,1,1,1,1,1,1,1,1
828,2,1,1,1,2,2,2,1,1,1,1,2,1,1,1,1,1,1,1,1,1,1,1,1,1,1,2,1,1
1052,2,1,1,1,2,2,2,1,1,1,1,1,1,1,1,2,1,1,2,1,1,1,1,1,1,1,1,1,1
30,3,1,2,1,1,2,2,2,1,2,1,1,1,1,1,1,1,2,1,1,1,1,1,1,1,2,1,1,1
1185,2,1,1,1,2,2,2,1,1,2,1,1,1,1,1,1,1,2,1,1,2,1,1,1,1,1,1,1,1
643,2,2,1,1,2,2,2,1,1,1,2,1,1,1,1,1,1,1,1,1,1,1,1,2,1,1,1,1,1
1390,2,1,1,1,2,2,2,1,1,1,1,1,1,1,2,1,1,1,1,1,1,1,1,1,2,1,1,1,1
92,2,1,2,1,2,2,2,1,1,1,1,1,1,1,1,2,1,1,1,1,1,1,1,1,2,1,1,1,1
1078,2,2,1,1,2,2,2,1,1,1,1,1,2,1,1,1,1,1,1,1,1,1,1,1,2,1,1,1,1
1012,2,1,1,1,2,2,2,1,1,1,1,1,1,1,1,2,1,1,2,1,1,1,1,1,1,1,1,1,1
199,2,1,2,1,2,1,2,2,1,2,1,2,1,1,1,1,1,1,2,1,1,1,1,1,1,1,1,1,1
970,2,2,1,1,1,2,2,1,1,2,1,1,1,1,1,1,1,1,1,1,1,1,1,1,1,1,1,2,2
491,2,1,1,2,2,2,2,1,1,1,1,1,1,1,1,2,1,1,1,1,1,1,1,1,2,1,1,1,1
841,2,2,1,1,2,2,2,1,1,1,1,1,1,1,1,2,1,1,1,1,1,1,1,1,1,1,2,1,1
1360,2,2,1,1,2,1,2,1,1,1,1,1,1,1,2,1,1,1,2,1,1,1,1,1,1,1,1,1,1
331,2,1,1,1,2,1,2,2,1,2,1,1,1,1,1,2,1,1,1,1,1,1,1,1,2,1,1,1,1
149,3,2,1,1,2,1,2,1,1,2,1,1,2,1,1,1,1,1,2,1,1,1,1,1,1,1,1,1,1
225,3,1,1,2,2,1,2,1,1,1,1,1,1,1,1,2,1,1,2,1,1,1,1,1,1,1,1,1,1
994,2,2,1,1,2,2,2,1,1,1,2,1,1,1,1,1,1,1,1,1,1,1,1,1,1,1,1,1,2
935,2,2,1,1,2,1,2,1,1,1,1,1,1,1,1,1,2,1,1,1,1,1,1,1,1,1,1,1,2
667,2,1,1,1,2,2,2,2,1,2,1,2,1,1,1,1,1,1,1,1,2,1,1,1,1,1,1,1,1
437,2,1,2,1,2,2,2,2,1,2,1,2,1,1,1,1,1,1,2,1,1,1,1,1,1,1,1,1,1
1009,2,1,1,1,2,2,2,2,1,2,1,2,1,1,1,1,1,1,2,1,1,1,1,1,1,1,1,1,1
820,2,1,1,1,2,1,2,2,1,2,1,1,1,2,1,1,1,1,1,1,1,1,1,1,2,1,1,1,1
333,2,1,2,1,1,1,2,2,1,2,1,2,1,1,1,1,1,1,1,2,1,1,1,1,1,1,1,1,1
651,3,1,1,2,2,1,2,1,1,2,1,1,1,2,1,1,1,1,2,1,1,1,1,1,1,1,1,1,1
134,2,2,1,1,2,1,2,2,1,2,1,2,1,1,1,1,1,1,1,1,1,1,1,1,2,1,1,1,1
998,2,2,1,1,2,1,2,2,1,2,1,2,1,1,1,1,1,1,1,1,1,1,1,2,1,1,1,1,1
1369,2,2,1,1,2,2,2,2,1,2,1,1,1,1,1,1,1,1,1,1,1,1,1,1,1,1,1,2,2
1330,2,1,2,1,1,2,2,2,1,2,1,1,2,1,1,1,1,1,2,1,1,1,1,1,1,1,1,1,1
29,2,1,1,2,2,1,2,2,1,2,1,1,1,1,1,1,1,1,1,1,1,1,1,1,1,1,1,2,2
1046,4,1,1,1,2,1,2,1,1,1,1,1,2,1,1,1,1,1,1,1,1,1,1,2,1,1,1,1,1
793,2,1,1,1,1,2,2,2,1,2,1,2,1,1,1,1,1,1,2,1,1,1,1,1,1,1,1,1,1
120,2,1,1,1,2,2,2,2,1,2,1,1,1,1,1,1,1,2,1,1,1,1,1,1,2,1,1,1,1
1076,2,1,1,1,2,1,1,1,1,1,1,2,1,1,1,1,1,1,1,1,1,1,1,1,1,1,1,1,2
564,3,1,1,1,2,2,2,2,1,2,1,1,1,1,1,2,1,1,2,1,1,1,1,1,1,1,1,1,1
983,2,2,1,1,2,2,2,1,1,1,1,1,1,1,1,1,1,2,1,1,1,1,1,2,1,1,1,1,1
552,2,1,1,1,2,2,2,1,1,1,1,1,1,1,1,1,1,2,1,1,1,1,1,1,2,1,1,1,1
996,2,2,1,1,2,2,2,1,1,1,1,1,1,1,2,1,1,1,2,1,1,1,1,1,1,1,1,1,1
6,2,1,1,1,2,2,2,1,1,1,1,1,1,1,1,2,1,1,2,1,1,1,1,1,1,1,1,1,1
731,2,1,1,1,2,1,2,1,1,1,2,1,1,1,1,1,1,1,1,1,1,1,1,2,1,1,1,1,1
26,2,1,1,1,2,2,2,1,1,1,1,1,1,1,1,1,1,1,2,1,1,1,1,1,1,1,1,2,1
1199,2,1,1,1,2,2,2,1,1,1,1,1,1,1,1,1,2,1,2,1,1,1,1,1,1,1,1,1,1
1073,2,1,1,1,2,2,2,1,1,1,2,1,1,1,1,1,1,1,1,1,1,1,1,1,2,1,1,1,1
851,2,1,1,1,2,1,2,2,1,2,1,1,1,1,1,2,1,1,2,1,1,1,1,1,1,1,1,1,1
170,2,1,2,1,2,1,2,1,1,1,1,1,1,1,1,1,1,2,1,1,1,1,1,1,2,1,1,1,1
1059,3,1,1,1,2,2,2,1,1,1,1,1,1,1,1,1,1,1,2,1,1,1,1,1,1,1,1,2,1
925,3,1,1,1,2,1,2,1,1,1,1,2,1,1,1,1,1,1,2,1,1,1,1,1,1,1,1,1,1
874,2,2,1,1,2,1,2,1,1,1,2,1,1,1,1,1,1,1,2,1,1,1,1,1,1,1,1,1,1
1135,2,2,1,1,2,2,2,1,1,1,1,2,1,1,1,1,1,1,2,1,1,1,1,1,1,1,1,1,1
1427,2,2,1,1,2,2,2,1,1,1,1,1,1,1,1,1,1,2,1,1,1,1,1,1,2,1,1,1,1
655,2,1,2,1,2,2,2,2,1,2,1,2,1,1,1,1,1,1,2,1,1,1,1,1,1,1,1,1,1
160,2,1,2,1,2,2,2,2,1,2,1,1,1,2,1,1,1,1,1,1,1,1,1,1,1,1,1,1,2
84,1,1,1,1,2,2,2,1,1,1,1,1,1,1,1,1,1,2,1,1,1,1,1,1,1,1,1,1,2
893,2,1,1,1,2,2,2,2,1,2,1,1,1,1,1,2,1,1,1,1,1,1,1,1,2,1,1,1,1
669,3,1,1,1,2,1,2,1,1,1,1,2,1,1,1,1,1,1,2,1,1,1,1,1,1,1,1,1,1
1481,2,1,1,1,2,2,2,1,1,1,1,1,1,1,1,1,2,1,2,1,1,1,1,1,1,1,1,1,1
382,2,1,1,2,2,2,2,1,1,1,1,2,1,1,1,1,1,1,2,1,1,1,1,1,1,1,1,1,1
126,2,2,1,1,2,2,2,1,1,1,2,1,1,1,1,1,1,1,1,1,1,1,1,2,1,1,1,1,1
764,2,2,1,1,2,2,2,1,1,1,1,1,1,1,1,1,1,2,1,1,1,1,1,1,2,1,1,1,1
485,2,1,1,2,2,1,2,1,1,1,1,2,1,1,1,1,1,1,1,1,1,1,1,2,1,1,1,1,1
1484,3,1,1,1,2,1,2,1,1,2,2,1,1,1,1,1,1,1,1,1,1,1,1,1,2,1,1,1,1
13,2,2,1,1,2,2,2,2,1,2,1,2,1,1,1,1,1,1,2,1,1,1,1,1,1,1,1,1,1
506,2,2,1,1,2,2,2,1,1,1,1,1,2,1,1,1,1,1,1,1,2,1,1,1,1,1,1,1,1
1319,2,1,2,1,2,1,2,2,1,2,1,2,1,1,1,1,1,1,1,1,1,1,1,1,2,1,1,1,1
494,2,1,2,1,1,2,2,2,1,2,1,2,1,1,1,1,1,1,1,2,1,1,1,1,1,1,1,1,1
617,2,2,1,1,1,2,1,2,1,2,1,2,1,1,1,1,1,1,1,2,1,1,1,1,1,1,1,1,1
1501,2,2,1,1,2,2,2,2,1,2,1,1,1,1,1,2,1,1,2,1,1,1,1,1,1,1,1,1,1
194,2,1,1,1,2,2,2,1,1,1,1,1,1,1,1,1,2,1,2,1,1,1,1,1,1,1,1,1,1
422,2,2,1,1,2,1,2,2,1,2,1,2,1,1,1,1,1,1,1,1,1,1,1,1,2,1,1,1,1
1232,2,1,1,1,2,2,2,1,1,1,1,2,1,1,1,1,1,1,2,1,1,1,1,1,1,1,1,1,1
718,2,1,1,2,1,2,2,2,1,2,1,1,1,2,1,1,1,1,1,1,1,1,1,1,2,1,1,1,1
825,2,1,1,1,2,1,2,1,1,1,1,1,1,1,1,1,2,1,1,1,1,1,1,2,1,1,1,1,1
568,2,2,1,1,2,2,2,1,1,1,1,1,1,1,2,1,1,1,1,1,1,1,1,2,1,1,1,1,1
1160,2,1,1,1,2,1,2,2,1,2,1,2,1,1,1,1,1,1,1,1,1,1,1,1,1,1,2,1,1
119,2,1,2,1,2,2,2,1,1,2,1,2,1,1,1,1,1,1,1,1,2,1,1,1,1,1,1,1,1
1138,2,1,1,1,2,1,1,2,1,2,1,1,2,1,1,1,1,1,1,2,1,1,1,1,1,1,1,1,1
1028,2,2,1,1,1,2,2,2,1,2,1,2,1,1,1,1,1,1,1,1,2,1,1,1,1,1,1,1,1
711,2,2,1,1,2,1,1,2,1,2,1,1,2,1,1,1,1,1,1,1,1,1,1,1,2,1,1,1,1
33,2,1,2,1,2,2,2,1,1,1,2,1,1,1,1,1,1,1,2,1,1,1,1,1,1,1,1,1,1
733,2,1,2,1,2,1,2,1,1,1,1,2,1,1,1,1,1,1,1,1,1,1,1,1,2,1,1,1,1
558,2,1,2,1,2,2,2,2,1,2,1,2,1,1,1,1,1,1,1,1,1,1,1,1,1,1,2,1,1
1324,2,1,1,1,2,2,2,2,1,2,1,1,2,1,1,1,1,1,1,1,1,1,1,1,2,1,1,1,1
1058,2,1,2,1,2,2,2,2,1,2,1,2,1,1,1,1,1,1,2,1,1,1,1,1,1,1,1,1,1
273,1,1,1,1,2,2,2,1,1,1,1,2,1,1,1,1,1,1,1,1,1,1,1,2,1,1,1,1,1
649,2,2,1,1,2,2,2,1,1,1,2,1,1,1,1,1,1,1,2,1,1,1,1,1,1,1,1,1,1
1467,2,1,2,1,2,1,2,1,2,1,1,2,1,1,1,1,1,1,1,1,1,1,1,1,1,1,2,1,1
304,2,1,1,1,2,2,2,1,1,1,1,1,1,1,1,1,1,1,2,1,1,1,1,1,1,1,1,2,1
922,2,1,2,1,2,1,2,1,1,1,2,1,1,1,1,1,1,1,2,1,1,1,1,1,1,1,1,1,1
495,2,1,1,1,2,2,2,2,1,2,1,1,1,1,1,1,1,1,1,1,2,1,1,1,1,1,1,2,1
524,2,1,1,2,2,2,2,2,1,1,1,2,1,1,1,1,1,1,1,2,1,1,1,1,1,1,1,1,1
876,2,1,1,1,1,2,2,2,1,2,1,2,1,1,1,1,1,1,1,2,1,1,1,1,1,1,1,1,1
211,2,1,1,1,1,2,2,2,1,2,1,1,1,1,2,1,1,1,1,1,1,1,1,1,1,1,1,1,2
912,3,1,1,2,1,2,2,2,1,2,1,1,1,1,1,1,1,1,1,1,1,1,1,1,1,1,1,2,2
1423,2,1,1,1,2,2,2,1,1,1,1,1,1,1,1,2,1,1,1,1,1,1,1,2,1,1,1,1,1
325,2,1,2,1,2,1,2,2,1,2,1,1,2,1,1,1,1,1,1,1,1,1,1,1,2,1,1,1,1
1216,2,2,1,1,2,1,2,1,1,1,1,1,1,1,1,1,2,1,1,1,1,1,1,2,1,1,1,1,1
46,2,2,1,1,2,2,2,2,1,2,1,2,1,1,1,1,1,1,2,1,1,1,1,1,1,1,1,1,1
650,2,1,2,1,2,2,2,2,1,2,1,2,1,1,1,1,1,1,1,1,1,1,1,1,2,1,1,1,1
1300,2,2,1,1,2,2,2,1,1,1,1,2,1,1,1,1,1,1,1,1,1,1,1,2,1,1,1,1,1
220,2,1,1,2,2,2,2,1,1,1,1,2,1,1,1,1,1,1,1,1,1,1,1,2,1,1,1,1,1
420,2,2,1,1,2,2,2,1,1,1,1,1,1,2,1,1,1,1,1,1,1,1,1,2,1,1,1,1,1
293,2,2,1,1,2,2,2,1,1,2,1,2,1,1,1,1,1,1,2,1,1,1,1,1,1,1,1,1,1
832,3,1,2,1,2,1,2,2,1,2,1,1,1,1,1,1,1,2,2,1,1,1,1,1,1,1,1,1,1
1109,2,1,1,1,1,2,2,2,1,2,2,1,1,1,1,1,1,1,2,1,1,1,1,1,1,1,1,1,1
1179,2,1,2,1,2,1,1,1,1,2,2,1,1,1,1,1,1,1,2,1,1,1,1,1,1,1,1,1,1
988,2,1,1,1,2,1,2,1,1,1,1,2,1,1,1,1,1,1,2,1,1,1,1,1,1,1,1,1,1
264,2,2,1,1,2,2,2,1,1,1,1,1,1,1,1,1,1,2,2,1,1,1,1,1,1,1,1,1,1
165,2,1,1,1,2,2,2,1,1,1,1,1,2,1,1,1,1,1,1,1,1,1,1,1,1,1,2,1,1
759,3,1,1,1,2,1,2,1,1,2,1,1,2,1,1,1,1,1,1,1,1,1,1,2,1,1,1,1,1
683,3,1,1,1,2,1,1,1,1,1,1,1,1,1,1,1,2,1,1,1,1,1,1,1,1,2,1,1,1
1050,2,2,1,1,2,1,2,1,1,1,1,1,2,1,1,1,1,1,1,1,1,1,1,2,1,1,1,1,1
1303,2,1,1,2,2,2,2,1,1,1,1,1,1,1,1,2,1,1,1,1,1,1,1,1,1,2,1,1,1
586,3,1,1,1,2,1,1,2,1,2,1,1,1,1,1,1,1,1,1,1,1,1,1,1,1,1,2,2,1
846,1,1,1,1,2,1,2,1,1,1,1,2,1,1,1,1,1,1,1,1,1,1,1,2,1,1,1,1,1
727,2,1,2,1,2,2,2,1,1,1,1,1,1,1,1,1,1,2,2,1,1,1,1,1,1,1,1,1,1
714,2,1,1,1,2,1,1,1,1,1,1,1,1,1,1,2,1,1,1,1,1,1,1,1,2,1,1,1,1
112,2,1,1,1,2,2,2,2,1,2,1,1,1,2,1,1,1,1,1,2,1,1,1,1,1,1,1,1,1
543,2,1,1,2,2,2,2,2,1,2,1,1,1,1,1,1,2,1,2,1,1,1,1,1,1,1,1,1,1
775,2,2,1,1,1,2,2,2,1,2,1,1,1,1,1,1,1,2,2,1,1,1,1,1,1,1,1,1,1
934,2,2,1,1,2,2,2,2,1,2,1,2,1,1,1,1,1,1,1,1,1,1,1,1,2,1,1,1,1
217,2,1,2,1,1,2,2,1,1,2,1,1,1,1,2,1,1,1,2,1,1,1,1,1,1,1,1,1,1
1108,2,1,1,1,2,2,2,2,1,2,1,2,1,1,1,1,1,1,1,1,1,1,1,2,1,1,1,1,1
1454,2,2,1,1,2,2,2,1,1,1,1,1,1,1,2,1,1,1,1,1,1,1,1,1,1,1,2,1,1
603,2,1,1,1,2,1,2,2,1,2,1,2,1,1,1,1,1,1,1,1,1,1,1,1,2,1,1,1,1
642,2,1,2,1,2,2,2,1,1,1,1,1,1,1,1,1,2,1,1,1,1,1,1,2,1,1,1,1,1
1246,2,1,1,2,2,2,2,2,1,2,1,1,1,1,1,1,1,2,2,1,1,1,1,1,1,1,1,1,1
1116,2,1,1,1,2,1,2,2,1,2,1,2,1,1,1,1,1,1,2,1,1,1,1,1,1,1,1,1,1
723,2,1,2,1,1,2,2,2,1,2,1,2,1,1,1,1,1,1,2,1,1,1,1,1,1,1,1,1,1
814,1,1,1,1,1,2,2,2,1,2,1,1,1,1,1,1,1,1,1,2,1,1,1,1,1,1,1,2,1
1133,3,1,2,1,2,1,2,1,1,1,1,1,1,1,1,2,1,1,1,1,1,1,1,1,1,1,2,1,1
1253,2,1,2,1,2,2,2,2,1,2,1,1,1,1,1,1,1,2,1,1,1,1,1,1,1,1,1,1,2
337,2,1,1,1,2,2,2,1,1,1,1,1,1,1,1,2,1,1,1,1,1,1,1,1,2,1,1,1,1
1201,2,1,2,1,2,1,2,2,1,2,1,2,1,1,1,1,1,1,2,1,1,1,1,1,1,1,1,1,1
579,2,1,1,2,2,1,2,2,2,2,1,2,1,1,1,1,1,1,1,1,1,1,1,1,2,1,1,1,1
444,2,1,1,1,2,2,2,1,1,1,1,1,2,1,1,1,1,1,1,2,1,1,1,1,1,1,1,1,1
838,2,2,1,1,2,2,2,1,1,1,1,1,1,1,1,1,1,2,2,1,1,1,1,1,1,1,1,1,1
1274,2,1,1,1,2,2,2,1,1,1,1,1,1,1,1,1,1,2,1,1,1,1,1,2,1,1,1,1,1
605,2,1,1,1,2,2,2,1,1,1,2,1,1,1,1,1,1,1,2,1,1,1,1,1,1,1,1,1,1
20,2,1,1,1,2,2,2,1,1,1,1,2,1,1,1,1,1,1,1,1,1,1,1,1,1,1,2,1,1
699,2,1,1,1,2,1,2,1,1,1,2,1,1,1,1,1,1,1,2,1,1,1,1,1,1,1,1,1,1
1344,3,2,1,1,2,1,2,1,1,1,2,1,1,1,1,1,1,1,1,1,1,1,1,1,1,1,2,1,1
493,2,1,1,1,2,1,2,1,1,1,1,1,1,1,1,1,1,2,1,1,1,1,1,2,1,1,1,1,1
630,2,1,2,1,2,2,2,2,1,2,1,1,2,1,1,1,1,1,1,1,1,1,1,1,2,1,1,1,1
1025,2,2,1,1,2,2,2,1,1,1,1,1,1,1,2,1,1,1,1,1,1,1,1,2,1,1,1,1,1
164,2,1,1,1,2,2,1,2,1,2,1,1,2,1,1,1,1,1,1,1,1,1,1,2,1,1,1,1,1
738,2,1,2,1,2,2,2,1,1,2,1,2,1,1,1,1,1,1,1,1,1,1,1,1,1,1,1,1,2
470,2,1,1,1,2,2,2,1,1,1,1,2,1,1,1,1,1,1,2,1,1,1,1,1,1,1,1,1,1
343,3,1,1,1,2,2,2,1,1,1,1,1,1,1,1,1,2,1,1,1,1,1,1,2,1,1,1,1,1
27,2,2,1,1,2,2,2,1,1,1,1,1,1,1,2,1,1,1,1,1,1,1,1,1,1,1,2,1,1
141,2,2,1,1,1,2,2,2,1,2,1,1,1,1,1,1,1,1,1,1,1,1,1,1,1,1,1,2,2
1261,2,1,1,1,2,2,2,1,1,1,1,1,1,1,1,1,2,1,1,1,1,1,1,1,2,1,1,1,1
1306,2,2,1,1,2,1,2,2,2,2,1,2,1,1,1,1,1,1,1,1,1,1,1,1,2,1,1,1,1
1389,2,1,2,1,2,1,2,2,1,2,1,2,1,1,1,1,1,1,2,1,1,1,1,1,1,1,1,1,1
410,2,2,1,1,1,2,2,2,1,2,1,1,1,1,1,1,1,1,1,2,1,1,1,1,1,1,1,2,1
492,2,1,1,1,2,2,2,1,1,1,2,1,1,1,1,1,1,1,2,1,1,1,1,1,1,1,1,1,1
284,2,1,2,1,2,1,2,2,1,2,1,2,1,1,1,1,1,1,1,1,1,1,1,1,2,1,1,1,1
1020,3,1,1,2,2,1,2,1,1,2,1,1,1,1,2,1,1,1,1,2,1,1,1,1,1,1,1,1,1
549,4,1,1,1,2,1,2,1,1,1,1,2,1,1,1,1,1,1,2,1,1,1,1,1,1,1,1,1,1
721,3,1,2,1,2,2,2,1,1,1,1,1,1,1,2,1,1,1,1,1,1,1,1,2,1,1,1,1,1
249,2,2,1,1,2,1,2,1,1,1,1,1,1,1,1,1,1,2,2,1,1,1,1,1,1,1,1,1,1
233,2,1,2,1,2,1,2,2,2,2,2,1,1,1,1,1,1,1,2,1,1,1,1,1,1,1,1,1,1
1207,2,1,2,1,1,1,2,2,1,2,1,2,1,1,1,1,1,1,1,1,1,1,1,2,1,1,1,1,1
1150,2,2,1,1,2,2,2,1,1,1,1,1,1,1,1,1,2,1,2,1,1,1,1,1,1,1,1,1,1
432,3,1,1,2,1,2,2,2,1,2,1,1,1,1,2,1,1,1,1,1,1,1,1,1,2,1,1,1,1
1234,2,1,1,1,2,1,1,1,1,2,1,1,1,1,1,1,2,1,2,1,1,1,1,1,1,1,1,1,1
303,2,2,1,1,2,1,2,1,1,1,1,2,1,1,1,1,1,1,1,1,1,1,1,1,2,1,1,1,1
147,3,1,1,1,2,1,2,1,1,1,1,1,1,1,1,2,1,1,2,1,1,1,1,1,1,1,1,1,1
1464,2,1,2,1,2,2,2,1,1,1,1,2,1,1,1,1,1,1,1,1,1,1,1,2,1,1,1,1,1
295,2,1,1,1,2,2,2,1,1,1,1,1,1,1,1,2,1,1,1,1,1,1,1,2,1,1,1,1,1
139,2,1,2,1,2,2,2,1,1,1,1,2,1,1,1,1,1,1,2,1,1,1,1,1,1,1,1,1,1
666,2,2,1,1,2,2,2,2,1,2,1,2,1,1,1,1,1,1,1,1,1,1,1,1,1,1,2,1,1
12,2,1,1,2,2,2,2,2,1,2,1,1,2,1,1,1,1,1,1,1,1,1,1,1,2,1,1,1,1
31,2,1,1,1,2,1,2,1,1,1,1,2,1,1,1,1,1,1,2,1,1,1,1,1,1,1,1,1,1
127,2,2,1,1,2,2,2,2,2,2,1,1,1,1,2,1,1,1,1,1,2,1,1,1,1,1,1,1,1
1444,2,1,1,2,2,2,2,1,1,1,1,1,1,1,1,1,2,1,2,1,1,1,1,1,1,1,1,1,1
109,3,1,2,1,2,1,2,2,1,2,1,1,1,1,1,1,1,1,2,1,1,1,1,1,1,1,1,2,1
423,2,2,1,1,2,2,2,1,1,1,2,1,1,1,1,1,1,1,2,1,1,1,1,1,1,1,1,1,1
1391,2,1,1,1,2,1,2,1,1,1,1,1,1,1,1,1,1,1,2,1,1,1,1,1,1,1,1,2,1
739,3,1,2,1,2,1,2,1,1,2,1,1,1,1,1,1,1,1,1,2,1,1,1,1,1,1,1,2,1
664,1,1,1,1,2,2,2,1,1,1,1,1,1,1,1,1,1,1,1,1,1,1,1,1,2,1,1,2,1
827,2,1,1,1,2,2,2,1,1,1,1,1,1,1,1,2,1,1,1,1,1,1,1,1,1,1,2,1,1
619,2,1,2,1,2,2,2,1,1,2,1,1,1,1,1,1,2,1,1,1,1,1,1,1,2,1,1,1,1
700,2,1,2,1,2,1,2,1,1,1,1,2,1,1,1,1,1,1,1,1,1,1,1,1,2,1,1,1,1
547,2,1,1,2,2,1,2,1,1,1,1,2,1,1,1,1,1,1,2,1,1,1,1,1,1,1,1,1,1
239,2,2,1,1,2,1,2,1,1,1,1,1,1,1,1,1,1,1,2,1,1,1,1,1,1,1,1,2,1
77,2,2,1,1,2,1,2,1,2,1,1,1,1,1,1,2,1,1,2,1,1,1,1,1,1,1,1,1,1
262,2,2,1,1,2,2,2,2,1,2,2,1,1,1,1,1,1,1,1,1,1,1,1,1,2,1,1,1,1
242,2,1,1,1,2,1,2,1,1,1,1,2,1,1,1,1,1,1,2,1,1,1,1,1,1,1,1,1,1
509,1,1,1,1,2,2,2,1,1,1,1,1,1,1,1,1,1,2,1,1,1,1,1,2,1,1,1,1,1
256,3,1,1,1,2,1,1,1,1,1,1,2,1,1,1,1,1,1,1,1,1,1,1,1,1,1,2,1,1
906,3,1,2,1,2,1,2,1,1,2,1,1,1,1,1,2,1,1,2,1,1,1,1,1,1,1,1,1,1
11,2,1,1,1,2,2,2,1,1,1,1,1,1,1,2,1,1,1,2,1,1,1,1,1,1,1,1,1,1
1018,2,1,1,1,2,2,2,1,1,1,1,2,1,1,1,1,1,1,1,1,1,1,1,1,2,1,1,1,1
863,2,2,1,1,2,1,2,2,2,2,1,1,2,1,1,1,1,1,2,1,1,1,1,1,1,1,1,1,1
115,2,1,2,1,1,2,2,2,1,2,1,2,1,1,1,1,1,1,1,2,1,1,1,1,1,1,1,1,1
90,3,1,2,1,2,1,2,1,1,1,1,1,1,1,1,2,1,1,2,1,1,1,1,1,1,1,1,1,1
486,2,1,1,2,2,1,2,1,1,1,1,1,1,1,1,2,1,1,2,1,1,1,1,1,1,1,1,1,1
1026,2,1,1,2,2,1,2,1,1,1,1,1,1,1,1,1,1,1,1,1,1,1,1,1,2,1,1,2,1
858,2,1,1,1,2,2,2,1,1,2,1,1,1,1,1,1,2,1,1,2,1,1,1,1,1,1,1,1,1
490,2,2,1,1,2,2,2,1,1,1,1,1,1,1,1,2,1,1,2,1,1,1,1,1,1,1,1,1,1
1392,2,2,1,1,2,2,2,1,1,1,1,2,1,1,1,1,1,1,2,1,1,1,1,1,1,1,1,1,1
172,2,1,1,1,1,2,2,2,1,2,1,1,1,1,1,1,2,1,1,1,1,1,1,1,2,1,1,1,1
761,2,1,1,1,1,2,2,2,2,2,1,1,1,1,2,1,1,1,1,1,1,1,2,1,1,1,1,1,1
897,2,2,1,1,1,2,2,1,1,2,1,1,1,1,2,1,1,1,1,1,1,1,2,1,1,1,1,1,1
282,2,1,2,1,2,1,2,2,1,2,1,1,1,1,1,2,1,1,2,1,1,1,1,1,1,1,1,1,1
887,2,2,1,1,2,2,2,1,1,1,1,1,1,1,1,1,1,1,1,1,1,1,1,2,1,1,1,2,1
1435,2,2,1,1,2,2,2,1,1,2,1,2,1,1,1,1,1,1,1,1,1,1,1,1,2,1,1,1,1
896,2,1,1,2,2,1,2,1,1,1,2,1,1,1,1,1,1,1,1,1,1,1,1,1,1,1,2,1,1
915,2,2,1,1,2,1,2,1,1,1,1,2,1,1,1,1,1,1,1,2,1,1,1,1,1,1,1,1,1
1214,2,2,1,1,2,2,2,1,1,1,2,1,1,1,1,1,1,1,2,1,1,1,1,1,1,1,1,1,1
1229,4,1,1,1,2,1,2,1,1,2,1,1,1,1,1,1,2,1,1,1,1,1,1,1,1,1,1,1,2
9,2,1,1,1,2,2,2,1,1,1,1,1,1,1,1,2,1,1,1,1,1,1,1,2,1,1,1,1,1
257,2,1,2,1,2,2,2,1,1,1,1,1,1,1,1,2,1,1,1,1,1,1,1,1,1,1,2,1,1
866,2,1,1,1,2,1,2,1,1,1,2,1,1,1,1,1,1,1,1,1,1,1,1,2,1,1,1,1,1
753,2,2,1,1,2,2,2,1,1,1,1,1,1,1,1,1,1,1,2,1,1,1,1,1,1,1,1,2,1
658,2,1,1,2,2,1,2,2,1,2,1,1,1,1,1,2,1,1,1,1,1,1,1,1,2,1,1,1,1
294,2,1,1,2,2,2,2,1,1,1,1,1,1,1,1,1,2,1,1,1,1,1,1,1,2,1,1,1,1
746,2,1,2,1,2,2,2,2,1,2,2,1,1,1,1,1,1,1,1,1,1,1,1,1,2,1,1,1,1
269,2,1,2,1,2,2,2,2,1,2,1,1,1,1,1,2,1,1,1,1,1,1,1,1,1,1,1,1,2
158,2,1,1,1,1,1,2,2,1,2,2,1,1,1,1,1,1,1,2,1,1,1,1,1,1,1,1,1,1
408,3,1,1,2,2,2,2,1,1,2,2,1,1,1,1,1,1,1,2,1,1,1,1,1,1,1,1,1,1
346,2,1,1,2,2,1,1,2,1,2,1,1,1,1,1,1,1,1,1,1,1,1,1,1,2,1,1,2,1
246,2,2,1,1,2,2,1,1,1,2,1,2,1,1,1,1,1,1,1,1,1,1,1,1,1,1,1,1,2
680,2,1,1,1,2,2,2,1,1,2,1,1,1,1,1,1,1,1,1,1,2,1,1,1,1,1,1,2,1
641,3,1,1,1,2,2,2,1,1,1,1,2,1,1,1,1,1,1,1,1,1,1,1,1,1,1,2,1,1
34,2,1,1,1,2,1,1,1,1,2,1,1,1,1,1,1,1,2,1,1,1,1,1,1,2,1,1,1,1
1084,2,1,1,1,2,1,2,1,1,1,2,1,1,1,1,1,1,1,1,1,1,1,1,1,2,1,1,1,1
1165,3,1,1,1,2,2,2,1,1,1,1,1,1,1,1,1,1,1,2,1,1,1,1,1,1,1,1,2,1
566,2,1,1,2,2,2,1,2,1,2,2,1,1,1,1,1,1,1,1,1,1,1,1,1,1,1,1,1,2
1124,2,1,1,1,2,1,2,1,1,1,2,1,1,1,1,1,1,1,2,1,1,1,1,1,1,1,1,1,1
1245,2,1,2,1,2,1,2,1,1,1,1,2,1,1,1,1,1,1,2,1,1,1,1,1,1,1,1,1,1
682,2,1,1,1,2,1,2,1,1,1,1,2,1,1,1,1,1,1,1,1,1,1,1,1,2,1,1,1,1
128,3,1,1,1,1,2,2,2,1,2,2,1,1,1,1,1,1,1,2,1,1,1,1,1,1,1,1,1,1
1186,2,1,1,1,2,2,2,1,1,1,1,2,1,1,1,1,1,1,1,2,1,1,1,1,1,1,1,1,1
280,2,1,2,1,2,2,2,1,1,1,2,1,1,1,1,1,1,1,2,1,1,1,1,1,1,1,1,1,1
951,2,2,1,1,2,2,2,1,1,1,1,2,1,1,1,1,1,1,1,1,1,1,1,2,1,1,1,1,1
35,2,2,1,1,2,2,2,1,1,1,1,1,2,1,1,1,1,1,1,1,1,1,1,2,1,1,1,1,1
867,2,1,1,1,2,2,2,1,1,2,1,1,2,1,1,1,1,1,1,1,1,1,1,2,1,1,1,1,1
1478,2,2,1,1,2,2,1,2,1,2,1,1,1,1,1,1,1,2,1,1,1,1,1,1,2,1,1,1,1
363,2,2,1,1,2,2,2,1,1,1,2,1,1,1,1,1,1,1,2,1,1,1,1,1,1,1,1,1,1
1114,2,1,1,1,2,1,2,1,1,1,1,2,1,1,1,1,1,1,2,1,1,1,1,1,1,1,1,1,1
843,2,1,1,1,2,1,1,2,1,2,1,1,1,1,2,1,1,1,1,2,1,1,1,1,1,1,1,1,1
457,4,1,1,1,2,1,2,1,1,1,1,1,1,1,1,2,1,1,2,1,1,1,1,1,1,1,1,1,1
362,2,1,2,1,2,2,2,1,1,2,1,1,1,1,1,1,1,2,1,1,1,1,1,1,2,1,1,1,1
751,2,1,1,1,2,2,2,1,1,1,1,1,1,2,1,1,1,1,2,1,1,1,1,1,1,1,1,1,1
244,2,1,2,1,2,2,2,1,1,1,1,1,1,1,1,2,1,1,1,1,1,1,1,1,1,1,2,1,1
307,3,1,1,1,2,1,2,1,1,1,1,2,1,1,1,1,1,1,1,1,1,1,1,2,1,1,1,1,1
732,2,1,1,1,2,1,2,1,1,1,1,1,2,1,1,1,1,1,1,2,1,1,1,1,1,1,1,1,1
1049,2,1,1,2,2,2,2,1,1,1,1,1,1,1,1,1,2,1,1,1,1,1,1,1,2,1,1,1,1
215,2,1,1,1,2,1,2,2,1,2,1,2,1,1,1,1,1,1,2,1,1,1,1,1,1,1,1,1,1
1099,2,1,2,1,1,2,2,2,1,2,1,1,1,1,1,1,2,1,1,2,1,1,1,1,1,1,1,1,1
321,2,2,1,1,2,2,2,1,1,1,1,1,1,1,1,1,1,2,1,1,1,1,1,2,1,1,1,1,1
291,2,1,2,1,2,2,2,2,1,2,1,1,1,1,1,1,1,2,1,1,1,1,1,1,1,1,1,1,2
789,2,1,1,2,2,2,2,1,1,2,1,2,1,1,1,1,1,1,1,1,1,1,2,1,1,1,1,1,1
734,3,2,1,1,2,2,2,1,1,1,1,1,1,2,1,1,1,1,2,1,1,1,1,1,1,1,1,1,1
756,2,1,1,2,2,2,2,1,1,1,2,1,1,1,1,1,1,1,1,1,1,1,1,1,2,1,1,1,1
1358,2,1,1,1,2,2,2,1,1,1,1,2,1,1,1,1,1,1,2,1,1,1,1,1,1,1,1,1,1
844,2,1,2,1,1,2,2,2,1,2,1,2,1,1,1,1,1,1,1,2,1,1,1,1,1,1,1,1,1
1385,2,1,1,2,1,2,2,2,1,2,2,1,1,1,1,1,1,1,2,1,1,1,1,1,1,1,1,1,1
1097,3,1,1,1,2,1,1,1,1,1,1,2,1,1,1,1,1,1,1,1,1,1,1,2,1,1,1,1,1
1466,2,1,2,1,2,2,2,2,1,2,1,2,1,1,1,1,1,1,2,1,1,1,1,1,1,1,1,1,1
1305,2,1,1,1,2,2,2,1,1,1,1,1,1,1,1,2,1,1,1,1,1,1,1,1,2,1,1,1,1
1086,2,1,2,1,2,2,2,1,1,1,1,1,1,1,1,1,2,1,2,1,1,1,1,1,1,1,1,1,1
1403,2,2,1,1,2,2,2,2,1,2,2,1,1,1,1,1,1,1,1,1,1,1,1,2,1,1,1,1,1
1126,2,1,1,1,2,2,2,1,1,1,1,2,1,1,1,1,1,1,2,1,1,1,1,1,1,1,1,1,1
778,2,1,2,1,2,1,2,2,1,2,1,2,1,1,1,1,1,1,1,1,1,1,1,2,1,1,1,1,1
610,2,2,1,1,2,1,2,2,1,2,1,2,1,1,1,1,1,1,1,1,1,1,1,1,1,2,1,1,1
379,3,1,1,2,1,2,2,2,1,2,1,1,1,1,1,1,1,1,1,1,1,1,1,1,2,1,1,2,1
451,2,1,2,1,2,1,2,1,1,1,1,1,1,1,2,1,1,1,2,1,1,1,1,1,1,1,1,1,1
752,2,1,1,1,2,1,2,1,1,1,1,1,1,1,1,1,1,1,2,1,1,1,1,1,1,1,1,2,1
1178,2,1,1,1,2,2,2,2,1,2,1,1,1,1,1,1,1,2,1,1,1,1,1,1,2,1,1,1,1
187,2,1,2,1,2,1,2,2,1,2,1,1,1,1,1,2,1,1,1,1,1,1,1,1,2,1,1,1,1
885,2,2,1,1,2,2,2,1,1,1,1,2,1,1,1,1,1,1,2,1,1,1,1,1,1,1,1,1,1
361,3,1,2,1,1,2,2,1,1,2,1,1,2,1,1,1,1,1,1,1,2,1,1,1,1,1,1,1,1
908,2,1,1,1,2,2,2,1,1,1,2,1,1,1,1,1,1,1,1,1,1,1,1,1,2,1,1,1,1
719,2,1,2,1,1,2,2,2,1,2,1,1,2,1,1,1,1,1,1,1,1,1,1,1,2,1,1,1,1
347,2,2,1,1,2,2,2,1,1,1,1,1,1,1,1,1,2,1,2,1,1,1,1,1,1,1,1,1,1
393,2,1,1,1,2,2,2,1,1,1,1,1,1,1,1,2,1,1,2,1,1,1,1,1,1,1,1,1,1
1087,2,1,2,1,2,2,2,1,1,1,1,1,1,1,2,1,1,1,2,1,1,1,1,1,1,1,1,1,1
872,2,2,1,1,2,2,2,1,1,1,1,2,1,1,1,1,1,1,1,1,1,1,1,2,1,1,1,1,1
1402,2,1,2,1,1,2,2,2,1,2,2,1,1,1,1,1,1,1,2,1,1,1,1,1,1,1,1,1,1
136,2,2,1,1,2,1,2,2,1,2,1,2,1,1,1,1,1,1,2,1,1,1,1,1,1,1,1,1,1
644,2,1,2,1,2,2,1,1,1,1,2,1,1,1,1,1,1,1,1,1,1,1,1,1,1,1,2,1,1
1341,2,2,1,1,2,2,2,2,1,2,1,2,1,1,1,1,1,1,2,1,1,1,1,1,1,1,1,1,1
143,2,2,1,1,2,2,2,1,1,1,1,1,1,1,1,2,1,1,1,1,1,1,1,1,1,1,2,1,1
808,3,1,1,2,2,1,2,1,1,1,1,1,2,1,1,1,1,1,1,1,1,1,1,1,1,1,2,1,1
621,2,1,1,1,2,1,2,1,1,1,1,1,1,1,2,1,1,1,1,1,1,1,1,2,1,1,1,1,1
1119,3,1,1,2,2,1,2,1,2,1,2,1,1,1,1,1,1,1,1,1,1,1,1,1,2,1,1,1,1
496,2,1,1,1,2,1,2,1,1,1,1,2,1,1,1,1,1,1,1,1,1,1,1,2,1,1,1,1,1
64,2,2,1,1,2,2,2,1,1,1,1,1,1,1,1,1,1,1,2,1,1,1,1,1,1,1,1,2,1
1298,2,1,1,1,2,1,2,1,1,1,1,1,1,1,2,1,1,1,1,1,1,1,1,1,2,1,1,1,1
829,2,1,1,1,2,1,2,1,1,1,1,2,1,1,1,1,1,1,2,1,1,1,1,1,1,1,1,1,1
691,2,1,1,1,2,2,2,2,1,2,1,1,1,1,1,1,1,1,1,1,1,1,1,2,1,1,1,2,1
886,2,1,1,2,1,2,2,2,2,2,1,1,2,1,1,1,1,1,1,1,2,1,1,1,1,1,1,1,1
1304,4,1,1,1,2,1,2,1,1,1,1,1,1,1,1,2,1,1,2,1,1,1,1,1,1,1,1,1,1
1141,2,2,1,1,2,1,2,1,1,1,1,2,1,1,1,1,1,1,2,1,1,1,1,1,1,1,1,1,1
1210,2,2,1,1,1,1,2,2,1,2,1,1,1,1,1,2,1,1,1,2,1,1,1,1,1,1,1,1,1
1204,2,1,1,1,2,2,2,1,1,1,1,1,1,1,1,1,1,2,1,1,1,1,1,1,1,1,2,1,1
1437,2,1,1,1,2,2,2,1,1,1,2,1,1,1,1,1,1,1,2,1,1,1,1,1,1,1,1,1,1
826,2,1,1,1,2,1,2,1,1,1,2,1,1,1,1,1,1,1,2,1,1,1,1,1,1,1,1,1,1
592,2,2,1,1,2,2,2,1,1,1,1,1,1,1,1,1,1,1,2,1,1,1,1,1,1,1,1,2,1
656,2,1,1,1,2,2,2,1,1,1,1,1,1,1,1,1,1,1,2,1,1,1,1,1,1,1,1,2,1
585,2,1,1,1,2,1,2,1,1,1,1,1,1,2,1,1,1,1,2,1,1,1,1,1,1,1,1,1,1
1477,2,2,1,1,2,1,2,1,1,1,1,2,1,1,1,1,1,1,2,1,1,1,1,1,1,1,1,1,1
130,2,1,2,1,1,2,2,2,1,2,1,1,1,1,2,1,1,1,1,1,1,1,2,1,1,1,1,1,1
461,2,2,1,1,2,2,2,1,1,1,1,1,1,1,1,2,1,1,2,1,1,1,1,1,1,1,1,1,1
252,3,1,1,1,2,1,2,1,1,1,1,1,1,1,1,2,1,1,2,1,1,1,1,1,1,1,1,1,1
1418,2,2,1,1,2,1,2,1,1,1,2,1,1,1,1,1,1,1,2,1,1,1,1,1,1,1,1,1,1
1311,3,1,1,1,2,2,2,1,1,1,2,1,1,1,1,1,1,1,2,1,1,1,1,1,1,1,1,1,1
173,2,2,1,1,2,1,2,2,1,2,1,1,1,1,1,1,1,1,2,1,1,1,1,1,1,1,1,2,1
1222,2,1,1,1,2,2,1,1,1,2,2,1,1,1,1,1,1,1,2,1,1,1,1,1,1,1,1,1,1
1333,2,1,1,1,2,2,2,1,1,1,1,1,1,1,1,1,1,1,1,1,1,1,1,2,1,1,1,2,1
14,2,1,1,1,2,2,2,1,1,1,1,2,1,1,1,1,1,1,2,1,1,1,1,1,1,1,1,1,1
237,2,2,1,1,2,2,2,1,1,1,2,1,1,1,1,1,1,1,2,1,1,1,1,1,1,1,1,1,1
1262,2,1,1,1,2,1,2,2,1,2,1,1,2,1,1,1,1,1,1,1,1,1,1,1,1,1,2,1,1
1209,2,1,2,1,1,2,2,2,1,2,2,1,1,1,1,1,1,1,2,1,1,1,1,1,1,1,1,1,1
645,2,1,1,1,2,2,1,1,1,1,2,1,1,1,1,1,1,1,2,1,1,1,1,1,1,1,1,1,1
1056,2,1,1,2,2,2,2,1,1,1,1,1,1,1,1,1,1,1,1,1,1,1,1,1,2,1,1,2,1
1043,2,2,1,1,2,2,2,1,1,1,2,1,1,1,1,1,1,1,1,1,1,1,1,1,1,1,1,1,2
208,2,1,2,1,2,2,2,1,1,1,1,1,2,1,1,1,1,1,1,1,1,1,1,1,1,1,2,1,1
177,3,1,1,2,2,2,2,1,1,1,1,1,1,1,1,2,1,1,1,1,1,1,1,2,1,1,1,1,1
353,2,1,2,1,2,1,1,1,1,1,1,1,1,1,1,1,2,1,1,1,1,1,1,1,2,1,1,1,1
1239,2,1,2,1,2,2,2,2,1,2,1,1,1,1,1,1,1,1,2,1,1,1,1,1,1,1,1,2,1
613,2,1,2,1,2,1,2,1,1,1,1,1,1,1,1,1,2,1,1,1,1,1,1,2,1,1,1,1,1
529,2,1,2,1,2,1,2,1,1,1,2,1,1,1,1,1,1,1,1,1,1,1,1,2,1,1,1,1,1
336,2,2,1,1,2,2,2,1,1,1,1,2,1,1,1,1,1,1,1,1,1,1,1,1,1,1,2,1,1
609,3,1,1,1,2,1,2,1,1,2,1,1,1,1,1,1,1,1,2,1,1,1,1,1,1,1,1,2,1
854,2,2,1,1,2,2,2,1,1,1,2,1,1,1,1,1,1,1,2,1,1,1,1,1,1,1,1,1,1
1313,2,1,2,1,1,1,2,2,1,2,1,2,1,1,1,1,1,1,1,1,1,1,1,1,2,1,1,1,1
982,2,2,1,1,2,2,2,2,1,2,1,2,1,1,1,1,1,1,1,1,1,1,1,1,1,1,2,1,1
1213,3,1,1,2,2,1,2,2,1,2,1,2,1,1,1,1,1,1,1,1,1,1,1,1,2,1,1,1,1
1054,3,1,1,1,2,2,2,1,1,1,2,1,1,1,1,1,1,1,2,1,1,1,1,1,1,1,1,1,1
1493,3,1,1,1,2,1,2,1,1,1,1,2,1,1,1,1,1,1,2,1,1,1,1,1,1,1,1,1,1
607,2,2,1,1,1,2,2,2,1,2,1,1,1,1,1,1,2,1,1,1,1,1,1,1,1,1,2,1,1
917,2,1,2,1,2,2,2,2,1,2,1,1,1,1,1,2,1,1,1,1,1,1,1,1,1,1,1,1,2
272,2,1,1,1,2,2,2,2,1,2,1,1,1,1,1,1,1,2,2,1,1,1,1,1,1,1,1,1,1
870,2,1,2,1,2,1,2,1,1,1,1,1,1,1,1,2,1,1,2,1,1,1,1,1,1,1,1,1,1
1118,2,1,2,1,2,1,2,1,1,1,2,1,1,1,1,1,1,1,1,1,1,1,1,1,2,1,1,1,1
532,2,2,1,1,2,2,2,1,1,2,1,1,1,1,2,1,1,1,1,1,1,1,1,2,1,1,1,1,1
1206,2,1,2,1,2,2,2,1,1,1,1,1,1,1,2,1,1,1,2,1,1,1,1,1,1,1,1,1,1
823,2,2,1,1,2,2,2,1,1,1,1,1,1,1,2,1,1,1,2,1,1,1,1,1,1,1,1,1,1
259,2,1,1,1,2,2,2,1,1,1,1,1,1,1,1,1,2,1,2,1,1,1,1,1,1,1,1,1,1
1354,2,2,1,1,2,2,2,1,1,1,1,1,2,1,1,1,1,1,1,1,1,1,1,1,2,1,1,1,1
1244,3,1,1,1,2,1,1,1,1,1,1,1,1,1,1,1,2,1,2,1,1,1,1,1,1,1,1,1,1
1191,2,1,1,1,2,1,2,2,1,2,1,2,1,1,1,1,1,1,1,2,1,1,1,1,1,1,1,1,1
1272,2,1,1,1,2,2,2,1,1,1,2,1,1,1,1,1,1,1,1,1,1,1,1,2,1,1,1,1,1
254,2,1,2,1,1,2,2,2,1,2,1,1,1,1,1,1,2,1,1,1,1,1,1,1,2,1,1,1,1
742,3,1,2,1,2,1,2,1,1,1,1,1,1,1,1,1,1,1,1,1,1,1,1,1,2,1,1,2,1
1251,2,1,2,1,1,2,2,2,1,2,1,2,1,1,1,1,1,1,1,1,2,1,1,1,1,1,1,1,1
1155,2,1,2,1,2,1,2,1,1,2,2,1,1,1,1,1,1,1,1,1,1,1,1,1,2,1,1,1,1
1299,2,1,1,1,2,2,2,1,1,1,2,1,1,1,1,1,1,1,2,1,1,1,1,1,1,1,1,1,1
513,2,2,1,1,2,2,2,1,1,1,2,1,1,1,1,1,1,1,2,1,1,1,1,1,1,1,1,1,1
1277,3,1,2,1,2,1,2,1,1,1,1,1,1,1,1,2,1,1,1,1,1,1,1,1,1,1,2,1,1
43,2,1,1,1,2,1,2,1,1,1,1,1,1,1,1,1,1,1,1,1,1,1,1,1,1,1,2,2,1
465,2,2,1,1,2,2,2,1,1,1,1,1,1,1,1,1,1,1,1,1,1,1,1,1,1,1,2,2,1
1442,3,1,2,1,2,2,2,1,1,2,1,2,1,1,1,1,1,1,1,2,1,1,1,1,1,1,1,1,1
383,2,1,1,1,2,2,2,1,1,1,1,2,1,1,1,1,1,1,1,1,1,1,1,1,1,1,2,1,1
1122,2,2,1,1,2,2,2,1,1,1,1,2,1,1,1,1,1,1,2,1,1,1,1,1,1,1,1,1,1
671,2,2,1,1,2,2,2,2,1,2,1,1,1,1,1,2,1,1,1,1,1,1,1,1,1,1,1,1,2
1398,2,1,1,1,2,2,2,1,1,1,1,1,1,1,1,1,2,1,1,1,1,1,1,1,1,1,2,1,1
96,3,1,1,1,2,1,2,2,1,2,1,2,1,1,1,1,1,1,1,1,1,1,1,1,1,2,1,1,1
729,3,1,1,1,2,2,2,1,1,1,2,1,1,1,1,1,1,1,2,1,1,1,1,1,1,1,1,1,1
193,2,1,2,1,1,2,2,2,1,2,1,2,1,1,1,1,1,1,1,2,1,1,1,1,1,1,1,1,1
681,4,1,1,1,2,1,2,1,1,2,1,2,1,1,1,1,1,1,1,1,1,1,1,2,1,1,1,1,1
703,2,2,1,1,2,2,2,1,1,1,1,2,1,1,1,1,1,1,2,1,1,1,1,1,1,1,1,1,1
329,2,2,1,1,2,2,2,2,1,2,1,1,2,1,1,1,1,1,1,1,1,1,1,1,2,1,1,1,1
95,2,1,2,1,2,2,2,1,1,1,2,1,1,1,1,1,1,1,1,1,1,1,1,2,1,1,1,1,1
1375,2,1,2,1,1,1,2,2,2,2,1,1,2,1,1,1,1,1,1,1,1,1,1,1,1,1,1,1,2
1436,3,1,1,1,2,1,2,1,1,2,1,2,1,1,1,1,1,1,2,1,1,1,1,1,1,1,1,1,1
822,2,2,1,1,2,1,1,2,1,2,1,1,1,1,1,1,1,1,1,1,1,1,1,2,1,1,1,2,1
1055,2,2,1,1,2,1,2,1,1,1,2,1,1,1,1,1,1,1,2,1,1,1,1,1,1,1,1,1,1
450,2,1,1,1,2,2,2,1,1,1,1,1,1,1,2,1,1,1,2,1,1,1,1,1,1,1,1,1,1
1288,2,2,1,1,2,2,2,1,1,1,1,1,1,2,1,1,1,1,2,1,1,1,1,1,1,1,1,1,1
57,2,1,1,1,2,1,2,1,1,1,2,1,1,1,1,1,1,1,2,1,1,1,1,1,1,1,1,1,1
1471,2,1,1,2,2,1,2,1,1,1,1,2,1,1,1,1,1,1,1,1,1,1,1,1,1,1,2,1,1
313,2,1,2,1,1,2,2,2,1,2,1,2,1,1,1,1,1,1,1,2,1,1,1,1,1,1,1,1,1
1169,2,1,1,1,2,2,2,1,1,1,1,1,1,1,1,2,1,1,1,1,1,1,1,1,1,1,1,1,2
647,2,1,1,1,2,2,2,1,1,1,1,1,1,1,1,2,1,1,2,1,1,1,1,1,1,1,1,1,1
1017,2,2,1,1,2,2,2,1,1,1,1,1,2,1,1,1,1,1,1,1,1,1,1,2,1,1,1,1,1
1352,2,2,1,1,2,2,2,1,1,1,2,1,1,1,1,1,1,1,1,1,1,1,1,1,1,1,1,1,2
1111,2,1,2,1,2,2,2,1,1,1,1,1,1,1,2,1,1,1,1,1,1,1,1,1,2,1,1,1,1
1429,2,1,1,1,1,2,2,2,1,2,2,1,1,1,1,1,1,1,1,1,1,1,1,1,1,1,1,1,2
1068,2,2,1,1,1,2,2,2,1,2,1,1,1,1,1,2,1,1,1,1,1,1,1,1,1,2,1,1,1
1494,2,2,1,1,1,2,2,2,1,2,1,1,1,1,2,1,1,1,2,1,1,1,1,1,1,1,1,1,1
837,3,1,1,1,2,1,2,1,1,1,1,2,1,1,1,1,1,1,2,1,1,1,1,1,1,1,1,1,1
464,3,1,1,1,2,1,2,1,2,1,1,2,1,1,1,1,1,1,2,1,1,1,1,1,1,1,1,1,1
517,2,1,1,1,2,2,2,1,1,1,1,1,1,1,1,1,2,1,1,1,1,1,1,2,1,1,1,1,1
1013,2,2,1,1,2,1,2,1,1,1,1,2,1,1,1,1,1,1,2,1,1,1,1,1,1,1,1,1,1
1474,3,1,1,1,2,1,2,1,1,1,1,1,2,1,1,1,1,1,2,1,1,1,1,1,1,1,1,1,1
1215,2,1,1,1,2,2,1,2,1,2,1,1,2,1,1,1,1,1,1,1,1,1,1,2,1,1,1,1,1
1370,2,1,1,1,2,2,2,1,1,1,1,1,1,1,2,1,1,1,2,1,1,1,1,1,1,1,1,1,1
521,2,1,2,1,1,2,2,2,1,2,1,1,1,1,1,1,1,1,1,1,1,1,1,1,1,1,1,2,2
297,2,1,1,1,2,2,2,2,1,2,2,1,1,1,1,1,1,1,1,1,2,1,1,1,1,1,1,1,1
1088,2,1,1,2,2,2,2,2,1,2,1,2,1,1,1,1,1,1,2,1,1,1,1,1,1,1,1,1,1
1174,2,2,1,1,2,1,2,1,1,1,1,2,1,1,1,1,1,1,1,2,1,1,1,1,1,1,1,1,1
818,3,1,1,1,2,1,2,1,1,1,1,2,1,1,1,1,1,1,1,1,1,1,1,2,1,1,1,1,1
1152,3,1,1,1,2,1,2,1,1,1,1,2,1,1,1,1,1,1,2,1,1,1,1,1,1,1,1,1,1
704,3,1,1,1,2,1,2,1,1,1,1,2,1,1,1,1,1,1,2,1,1,1,1,1,1,1,1,1,1
449,3,1,2,1,2,1,2,1,1,1,1,1,1,1,1,2,1,1,1,1,1,1,1,2,1,1,1,1,1
514,2,1,2,1,1,2,2,2,1,2,1,2,1,1,1,1,1,1,1,1,2,1,1,1,1,1,1,1,1
431,3,1,1,1,2,1,2,1,1,1,1,1,2,1,1,1,1,1,2,1,1,1,1,1,1,1,1,1,1
1131,3,1,1,1,2,1,2,1,1,1,1,1,1,1,1,1,2,1,1,1,1,1,1,2,1,1,1,1,1
169,3,1,2,1,1,2,2,1,1,2,2,1,1,1,1,1,1,1,2,1,1,1,1,1,1,1,1,1,1
1033,3,1,2,1,2,2,2,2,1,2,1,1,1,2,1,1,1,1,1,1,2,1,1,1,1,1,1,1,1
1110,3,1,2,1,1,2,2,2,1,2,1,1,2,1,1,1,1,1,2,1,1,1,1,1,1,1,1,1,1
890,3,1,1,1,2,1,2,1,1,1,1,2,1,1,1,1,1,1,2,1,1,1,1,1,1,1,1,1,1
245,3,1,2,1,2,1,2,1,1,1,1,1,1,1,1,2,1,1,2,1,1,1,1,1,1,1,1,1,1
1128,3,1,2,1,2,1,2,1,1,1,1,2,1,1,1,1,1,1,1,1,1,1,1,2,1,1,1,1,1
274,3,1,2,1,2,1,2,1,1,1,1,1,1,1,1,2,1,1,2,1,1,1,1,1,1,1,1,1,1
810,3,1,2,1,2,1,2,1,1,1,1,2,1,1,1,1,1,1,2,1,1,1,1,1,1,1,1,1,1
801,3,1,1,2,2,1,2,1,1,1,1,1,1,1,1,1,1,1,2,1,1,1,1,1,1,1,1,2,1
615,3,1,1,2,2,1,2,1,1,1,1,1,1,1,1,2,1,1,1,1,1,1,1,2,1,1,1,1,1
110,3,1,2,1,2,1,2,1,1,1,1,2,1,1,1,1,1,1,1,1,1,1,1,1,2,1,1,1,1
1342,3,2,1,1,2,2,2,1,1,1,1,2,1,1,1,1,1,1,1,1,1,1,1,2,1,1,1,1,1
1069,3,1,1,1,2,1,2,1,1,1,1,1,1,1,1,1,2,1,2,1,1,1,1,1,1,1,1,1,1
913,3,1,1,1,2,1,2,1,1,1,1,1,1,1,1,1,1,1,1,1,1,1,1,1,2,1,1,2,1
939,3,1,2,1,2,1,2,1,1,1,1,2,1,1,1,1,1,1,1,1,1,1,1,2,1,1,1,1,1
1426,2,1,1,1,2,2,2,1,1,1,1,1,1,1,1,2,1,1,2,1,1,1,1,1,1,1,1,1,1
205,3,1,1,1,2,1,2,1,1,1,1,1,1,1,1,1,1,1,2,1,1,1,1,1,1,1,1,2,1
458,3,1,1,1,2,1,2,1,1,1,1,1,1,1,1,1,1,1,2,1,1,1,1,1,1,1,1,2,1
436,3,1,2,1,2,1,2,1,1,1,1,2,1,1,1,1,1,1,2,1,1,1,1,1,1,1,1,1,1
767,3,1,2,1,2,1,2,1,1,1,1,1,1,1,1,1,1,1,1,1,1,1,1,2,1,1,1,2,1
1461,2,1,2,1,2,2,2,2,1,2,1,1,2,1,1,1,1,1,2,1,1,1,1,1,1,1,1,1,1
1264,3,1,2,1,1,2,2,2,1,2,2,1,1,1,1,1,1,1,1,1,1,1,1,1,1,2,1,1,1
577,2,2,1,1,1,2,2,2,1,2,1,1,1,1,1,1,1,1,1,1,2,1,1,1,1,1,1,2,1
672,3,1,1,2,2,1,2,1,1,1,1,1,1,1,1,1,2,1,1,1,1,1,1,2,1,1,1,1,1
842,3,1,2,1,2,1,2,1,1,1,1,1,1,1,1,2,1,1,2,1,1,1,1,1,1,1,1,1,1
531,2,2,1,1,2,2,2,2,1,2,1,2,1,1,1,1,1,1,1,1,1,1,1,1,2,1,1,1,1
660,2,1,2,1,2,1,2,2,1,2,1,2,1,1,1,1,1,1,1,1,1,1,1,1,1,2,1,1,1
1167,3,1,1,2,2,1,2,1,1,1,1,2,1,1,1,1,1,1,2,1,1,1,1,1,1,1,1,1,1
974,2,1,1,1,2,1,2,2,1,2,1,1,1,2,1,1,1,1,1,1,1,1,1,2,1,1,1,1,1
1163,2,2,1,1,2,2,2,1,1,1,1,1,1,1,2,1,1,1,2,1,1,1,1,1,1,1,1,1,1
196,2,2,1,1,2,2,2,1,1,1,1,1,2,1,1,1,1,1,2,1,1,1,1,1,1,1,1,1,1
372,2,2,1,1,2,2,2,1,1,1,2,1,1,1,1,1,1,1,1,2,1,1,1,1,1,1,1,1,1
387,2,2,1,1,2,2,2,1,1,1,1,1,1,1,2,1,1,1,1,1,1,1,1,2,1,1,1,1,1
439,2,2,1,1,1,2,2,2,1,2,1,1,1,1,1,1,1,2,1,1,1,1,1,1,1,2,1,1,1
836,2,1,2,1,2,2,2,2,1,2,2,1,1,1,1,1,1,1,1,1,1,2,1,1,1,1,1,1,1
364,3,1,2,1,2,1,2,1,1,1,1,1,1,1,1,2,1,1,2,1,1,1,1,1,1,1,1,1,1
637,2,1,2,1,2,2,2,2,1,2,1,1,1,1,2,1,1,1,1,1,1,1,1,1,2,1,1,1,1
1154,2,1,1,1,2,2,2,1,2,2,1,2,1,1,1,1,1,1,1,1,2,1,1,1,1,1,1,1,1
157,3,1,1,1,2,1,2,1,1,1,1,1,1,1,1,1,2,1,1,1,1,1,1,1,2,1,1,1,1
1153,3,1,1,1,2,1,2,1,1,1,2,1,1,1,1,1,1,1,1,1,1,1,1,1,1,1,2,1,1
281,3,1,2,1,2,2,2,2,1,2,1,1,2,1,1,1,1,1,2,1,1,1,1,1,1,1,1,1,1
785,3,1,2,1,2,2,1,1,1,2,1,2,1,1,1,1,1,1,1,1,1,1,1,1,1,1,1,1,2
155,3,1,2,1,2,2,2,1,1,1,1,1,1,2,1,1,1,1,2,1,1,1,1,1,1,1,1,1,1
1062,2,1,2,1,2,2,2,1,1,1,1,1,1,1,2,1,1,1,1,1,1,1,1,1,1,1,1,1,2
349,2,1,2,1,2,1,1,2,2,2,1,1,1,1,1,1,1,1,2,1,1,1,1,1,1,1,1,2,1
1446,3,1,2,1,2,1,2,1,1,1,1,2,1,1,1,1,1,1,1,1,1,1,1,2,1,1,1,1,1
1079,3,1,1,1,2,2,2,1,1,1,1,1,2,1,1,1,1,1,1,1,1,1,1,2,1,1,1,1,1
121,2,1,1,1,2,2,2,1,1,1,1,1,1,1,2,1,1,1,1,1,1,1,1,1,2,1,1,1,1
695,3,1,2,1,1,2,2,2,1,2,1,1,2,1,1,1,1,1,1,1,2,1,1,1,1,1,1,1,1
385,3,1,2,1,2,1,2,1,1,1,1,2,1,1,1,1,1,1,2,1,1,1,1,1,1,1,1,1,1
597,2,1,2,1,2,2,2,1,1,1,1,1,1,1,1,1,1,1,2,1,1,1,1,1,1,1,1,2,1
735,3,1,1,2,1,2,2,2,1,2,1,1,1,1,1,2,1,1,2,1,1,1,1,1,1,1,1,1,1
1183,3,1,1,2,2,1,2,1,1,2,1,1,1,2,1,1,1,1,1,1,1,1,1,2,1,1,1,1,1
463,3,1,1,2,2,1,2,1,1,1,1,2,1,1,1,1,1,1,1,1,1,1,1,1,2,1,1,1,1
219,2,1,2,1,1,2,2,2,1,2,1,1,1,1,1,1,1,2,1,2,1,1,1,1,1,1,1,1,1
590,3,1,2,1,2,1,2,1,1,1,1,1,1,1,1,2,1,1,2,1,1,1,1,1,1,1,1,1,1
40,3,1,2,1,2,1,1,2,1,2,2,1,1,1,1,1,1,1,1,1,1,1,1,2,1,1,1,1,1
1158,2,2,1,1,2,1,2,1,1,2,1,1,1,1,1,1,2,1,1,1,1,1,1,1,2,1,1,1,1
762,3,1,1,2,2,1,2,1,1,2,2,1,1,1,1,1,1,1,1,1,1,1,1,1,1,2,1,1,1
993,3,1,2,1,2,1,2,1,1,2,1,2,1,1,1,1,1,1,2,1,1,1,1,1,1,1,1,1,1
258,2,1,1,2,2,2,2,1,1,1,1,1,1,1,1,1,1,1,1,1,1,1,1,1,2,1,1,2,1
910,3,1,1,2,1,2,2,2,1,2,2,1,1,1,1,1,1,1,2,1,1,1,1,1,1,1,1,1,1
162,2,1,2,1,2,2,2,2,1,2,1,2,1,1,1,1,1,1,2,1,1,1,1,1,1,1,1,1,1
1195,2,2,1,1,2,1,2,1,1,1,1,1,1,1,1,1,1,1,2,1,1,1,1,1,1,1,1,2,1
1064,2,2,1,1,2,2,2,1,1,1,1,1,1,1,1,1,2,1,1,1,1,1,1,2,1,1,1,1,1
972,2,1,1,1,2,2,2,1,1,1,1,2,1,1,1,1,1,1,2,1,1,1,1,1,1,1,1,1,1
49,2,1,1,1,2,1,2,1,1,2,1,2,1,1,1,1,1,1,1,1,1,1,1,1,1,2,1,1,1
1449,2,1,1,2,2,1,2,1,1,1,1,2,1,1,1,1,1,1,1,1,1,1,1,1,2,1,1,1,1
1428,2,1,2,1,2,1,2,1,1,1,1,1,1,1,1,1,2,1,1,1,1,1,1,1,2,1,1,1,1
44,3,1,1,2,2,1,2,1,1,1,2,1,1,1,1,1,1,1,1,1,1,1,1,2,1,1,1,1,1
1104,2,2,1,1,2,2,2,1,1,1,2,1,1,1,1,1,1,1,1,1,1,1,1,1,1,1,2,1,1
332,3,1,2,1,2,1,2,1,1,1,1,1,1,1,1,1,1,1,1,1,1,1,1,1,2,1,1,2,1
148,2,1,1,1,2,2,2,1,1,1,1,1,1,1,1,1,2,1,1,1,1,1,1,2,1,1,1,1,1
1351,2,1,1,2,2,1,2,2,1,2,1,2,1,1,1,1,1,1,1,1,1,1,1,1,1,1,2,1,1
1318,2,1,1,2,1,2,1,2,2,2,1,1,1,2,1,1,1,1,1,1,1,1,2,1,1,1,1,1,1
1060,2,1,1,1,2,1,2,1,1,1,1,1,1,1,1,2,1,1,2,1,1,1,1,1,1,1,1,1,1
150,2,1,1,2,2,2,2,2,1,2,1,1,2,1,1,1,1,1,1,1,1,1,1,1,2,1,1,1,1
447,2,1,1,1,2,2,2,1,1,1,1,2,1,1,1,1,1,1,1,1,1,1,1,2,1,1,1,1,1
945,2,1,1,2,2,1,2,2,1,2,1,2,1,1,1,1,1,1,2,1,1,1,1,1,1,1,1,1,1
1284,3,1,2,1,2,1,2,1,1,1,2,1,1,1,1,1,1,1,2,1,1,1,1,1,1,1,1,1,1
1117,3,1,2,1,2,1,1,2,1,2,1,1,1,1,1,1,1,1,1,1,1,1,1,1,1,1,2,2,1
1365,3,1,1,2,2,1,2,2,1,2,2,1,1,1,1,1,1,1,2,1,1,1,1,1,1,1,1,1,1
758,2,1,2,1,1,2,2,1,1,2,1,2,1,1,1,1,1,1,1,2,1,1,1,1,1,1,1,1,1
290,2,1,2,1,2,2,2,2,1,2,2,1,1,1,1,1,1,1,2,1,1,1,1,1,1,1,1,1,1
835,2,2,1,1,2,2,2,2,1,2,1,1,1,1,1,1,1,2,1,1,1,1,1,1,1,1,2,1,1
1101,2,1,2,1,1,1,2,2,1,2,2,1,1,1,1,1,1,1,1,1,1,1,1,2,1,1,1,1,1
600,2,1,1,2,1,1,2,2,1,2,1,2,1,1,1,1,1,1,1,1,1,1,1,1,1,1,2,1,1
1039,3,1,2,1,2,2,2,1,1,2,1,1,1,1,1,1,1,2,2,1,1,1,1,1,1,1,1,1,1
1271,2,1,2,1,2,2,1,1,1,1,1,2,1,1,1,1,1,1,1,1,1,1,1,1,1,2,1,1,1
93,2,2,1,1,2,1,2,1,1,1,1,1,1,1,1,1,1,1,1,1,1,1,1,1,2,1,1,2,1
358,3,1,2,1,1,2,2,1,1,2,2,1,1,1,1,1,1,1,1,1,1,1,1,1,1,1,1,1,2
480,3,1,1,1,2,1,2,1,1,1,1,1,1,1,1,1,2,1,2,1,1,1,1,1,1,1,1,1,1
991,3,1,2,1,1,2,1,1,1,2,1,1,1,1,1,1,1,2,2,1,1,1,1,1,1,1,1,1,1
626,3,1,1,2,1,2,2,1,1,2,1,1,1,1,1,1,1,1,1,1,1,1,1,1,1,1,1,2,2
1434,3,1,1,1,2,1,2,1,1,1,1,1,1,1,1,1,2,1,2,1,1,1,1,1,1,1,1,1,1
873,3,1,2,1,2,1,2,2,1,2,1,2,1,1,1,1,1,1,2,1,1,1,1,1,1,1,1,1,1
787,3,1,1,2,2,1,2,1,1,1,2,1,1,1,1,1,1,1,2,1,1,1,1,1,1,1,1,1,1
962,3,1,1,2,2,1,2,1,1,1,1,2,1,1,1,1,1,1,2,1,1,1,1,1,1,1,1,1,1
1196,3,1,1,2,2,1,2,1,1,1,1,2,1,1,1,1,1,1,2,1,1,1,1,1,1,1,1,1,1
661,3,1,1,2,2,1,2,1,1,1,1,1,1,1,1,2,1,1,1,1,1,1,1,1,1,1,2,1,1
1148,3,1,1,1,2,1,2,1,1,1,1,1,1,1,1,1,2,1,2,1,1,1,1,1,1,1,1,1,1
1021,2,1,2,1,1,2,2,2,1,2,1,1,1,1,1,1,1,1,1,1,1,1,1,1,2,1,1,2,1
1321,2,1,2,1,2,2,2,2,1,2,1,2,1,1,1,1,1,1,1,2,1,1,1,1,1,1,1,1,1
1072,3,1,1,1,2,1,2,1,1,2,2,1,1,1,1,1,1,1,1,1,1,1,1,2,1,1,1,1,1
802,2,1,1,1,2,2,2,1,1,1,1,1,1,1,1,1,2,1,1,1,1,1,1,1,2,1,1,1,1
1127,2,2,1,1,2,2,2,1,1,1,1,1,2,1,1,1,1,1,1,1,1,1,1,2,1,1,1,1,1
1491,2,1,1,1,2,2,2,2,1,2,1,2,1,1,1,1,1,1,1,1,1,1,1,1,2,1,1,1,1
300,2,1,2,1,2,2,2,2,1,2,1,2,1,1,1,1,1,1,1,1,1,1,1,1,2,1,1,1,1
499,2,1,1,1,2,1,1,2,1,2,1,1,1,1,1,1,1,1,1,1,1,1,1,2,1,1,1,2,1
413,2,1,1,1,2,2,2,2,1,2,1,2,1,1,1,1,1,1,2,1,1,1,1,1,1,1,1,1,1
167,2,1,1,2,2,2,2,2,1,2,1,2,1,1,1,1,1,1,2,1,1,1,1,1,1,1,1,1,1
849,2,1,1,2,1,2,2,2,1,2,1,1,2,1,1,1,1,1,1,1,2,1,1,1,1,1,1,1,1
1463,2,1,2,1,1,1,2,2,1,2,1,2,1,1,1,1,1,1,1,1,1,1,1,2,1,1,1,1,1
546,2,1,1,1,2,1,2,1,1,1,1,2,1,1,1,1,1,1,2,1,1,1,1,1,1,1,1,1,1
1034,2,1,2,1,2,2,2,1,1,1,1,2,1,1,1,1,1,1,2,1,1,1,1,1,1,1,1,1,1
97,2,1,2,1,2,1,2,2,1,2,1,1,1,1,2,1,1,1,1,1,1,1,1,2,1,1,1,1,1
1159,2,2,1,1,2,1,2,2,1,2,1,1,1,1,1,1,1,1,2,1,1,1,1,1,1,1,1,2,1
1172,2,1,2,1,1,2,2,2,1,2,1,1,2,1,1,1,1,1,1,1,2,1,1,1,1,1,1,1,1
287,2,1,2,1,2,2,2,2,1,2,1,1,1,1,2,1,1,1,1,2,1,1,1,1,1,1,1,1,1
766,3,1,1,1,2,2,2,1,1,2,1,2,1,1,1,1,1,1,1,1,1,1,1,1,1,1,2,1,1
1350,2,1,1,1,1,2,2,2,1,2,1,2,1,1,1,1,1,1,1,1,1,1,1,1,1,2,1,1,1
425,2,1,1,1,2,2,2,1,1,1,1,1,2,1,1,1,1,1,1,1,1,1,1,1,1,1,2,1,1
1161,2,1,2,1,2,1,2,2,1,1,1,1,2,1,1,1,1,1,1,2,1,1,1,1,1,1,1,1,1
968,2,1,1,1,2,2,2,1,1,2,1,2,1,1,1,1,1,1,1,1,1,1,1,1,2,1,1,1,1
204,2,1,2,1,2,2,2,2,1,2,1,1,1,2,1,1,1,1,2,1,1,1,1,1,1,1,1,1,1
1366,2,1,1,1,2,2,2,2,1,2,1,1,1,1,2,1,1,1,2,1,1,1,1,1,1,1,1,1,1
316,3,1,1,2,2,1,2,1,1,1,1,1,1,1,1,2,1,1,2,1,1,1,1,1,1,1,1,1,1
1145,2,1,1,2,2,1,2,2,1,2,1,2,1,1,1,1,1,1,2,1,1,1,1,1,1,1,1,1,1
1290,2,1,1,1,2,2,2,2,1,2,2,1,1,1,1,1,1,1,2,1,1,1,1,1,1,1,1,1,1
952,2,1,2,1,2,1,2,1,1,2,1,1,2,1,1,1,1,1,1,1,1,1,1,1,2,1,1,1,1
1184,2,1,2,1,2,2,2,1,1,1,1,1,1,2,1,1,1,1,2,1,1,1,1,1,1,1,1,1,1
1203,2,1,1,1,2,2,2,1,1,1,1,1,1,1,1,1,1,2,1,1,1,1,1,1,1,1,2,1,1
698,2,2,1,1,2,1,2,1,1,2,1,1,1,1,1,1,1,2,1,1,1,1,1,1,1,1,2,1,1
545,2,1,2,1,2,2,2,2,1,2,1,2,1,1,1,1,1,1,1,1,1,1,1,1,2,1,1,1,1
1089,2,2,1,1,2,1,2,2,1,2,1,1,1,1,1,2,1,1,2,1,1,1,1,1,1,1,1,1,1
459,2,1,2,1,1,2,2,2,1,2,2,1,1,1,1,1,1,1,1,1,1,1,1,1,1,1,1,1,2
310,2,1,2,1,2,1,2,2,1,2,1,1,1,1,1,1,1,2,2,1,1,1,1,1,1,1,1,1,1
1465,2,1,1,1,1,2,2,2,1,2,1,2,1,1,1,1,1,1,2,1,1,1,1,1,1,1,1,1,1
1473,2,2,1,1,1,2,2,2,1,2,1,2,1,1,1,1,1,1,1,1,1,1,1,1,1,1,2,1,1
248,2,2,1,1,2,1,2,1,1,1,1,1,1,1,1,1,1,1,1,1,1,1,1,1,2,1,1,2,1
50,2,1,2,1,1,1,1,2,1,2,1,2,1,1,1,1,1,1,2,1,1,1,1,1,1,1,1,1,1
901,2,2,1,1,2,2,2,1,1,1,2,1,1,1,1,1,1,1,1,2,1,1,1,1,1,1,1,1,1
940,3,1,1,2,2,1,2,1,1,1,1,1,1,1,1,1,1,2,1,1,1,1,1,1,2,1,1,1,1
1247,2,2,1,1,2,1,2,1,1,1,1,1,1,1,1,1,2,1,1,1,1,1,1,1,1,1,2,1,1
614,2,1,1,1,1,1,2,2,1,2,1,1,1,1,2,1,1,1,1,1,1,1,2,1,1,1,1,1,1
153,2,2,1,1,2,2,2,2,1,2,1,1,1,1,2,1,1,1,1,1,1,1,1,1,2,1,1,1,1
94,2,1,1,1,2,2,2,1,1,1,1,2,1,1,1,1,1,1,2,1,1,1,1,1,1,1,1,1,1
1266,2,2,1,1,2,2,2,1,1,1,1,1,1,1,1,2,1,1,1,1,1,1,1,1,2,1,1,1,1
1032,2,1,2,1,2,1,2,2,1,2,1,2,1,1,1,1,1,1,1,1,1,1,1,1,1,1,1,1,2
184,2,1,1,2,1,2,2,2,1,2,1,2,1,1,1,1,1,1,1,1,1,1,1,1,2,1,1,1,1
879,2,2,1,1,2,2,2,1,1,1,1,1,1,1,1,1,2,1,2,1,1,1,1,1,1,1,1,1,1
7,2,1,1,1,2,2,2,1,1,1,1,2,1,1,1,1,1,1,2,1,1,1,1,1,1,1,1,1,1
426,2,1,1,1,2,1,2,1,1,2,1,1,1,1,2,1,1,1,1,1,1,1,1,1,2,1,1,1,1
341,2,1,1,1,2,1,2,2,1,2,1,1,1,1,2,1,1,1,1,1,1,1,1,1,2,1,1,1,1
1220,2,1,2,1,2,2,2,2,1,2,1,2,1,1,1,1,1,1,2,1,1,1,1,1,1,1,1,1,1
1095,2,2,1,1,1,2,2,2,1,2,1,2,1,1,1,1,1,1,1,1,2,1,1,1,1,1,1,1,1
899,2,1,1,1,2,2,2,2,1,2,2,1,1,1,1,1,1,1,1,1,1,1,1,1,2,1,1,1,1
1400,2,1,2,1,2,2,2,1,1,1,1,1,1,1,1,2,1,1,1,1,1,1,1,2,1,1,1,1,1
902,2,1,2,1,2,1,2,1,1,1,1,1,1,1,1,1,1,1,1,1,1,1,1,1,2,1,1,2,1
100,2,2,1,1,1,2,2,2,1,2,1,2,1,1,1,1,1,1,1,2,1,1,1,1,1,1,1,1,1
923,2,2,1,1,2,1,2,1,1,1,1,1,1,1,1,1,1,2,1,2,1,1,1,1,1,1,1,1,1
190,2,1,2,1,1,1,2,2,1,2,1,2,1,1,1,1,1,1,1,1,1,1,1,1,1,1,1,1,2
5,2,2,1,1,1,2,2,2,1,2,1,2,1,1,1,1,1,1,1,1,1,1,1,1,2,1,1,1,1
178,2,1,2,1,2,1,1,1,1,1,2,1,1,1,1,1,1,1,1,1,1,1,1,1,1,2,1,1,1
786,2,2,1,1,2,2,2,1,1,1,1,1,2,1,1,1,1,1,1,1,1,1,1,2,1,1,1,1,1
1061,2,2,1,1,2,1,2,1,1,2,1,2,1,1,1,1,1,1,1,1,1,1,1,2,1,1,1,1,1
1430,2,1,2,1,2,1,1,2,1,2,1,2,1,1,1,1,1,1,1,1,1,1,1,1,2,1,1,1,1
384,2,1,1,1,2,2,2,1,1,1,2,1,1,1,1,1,1,1,1,1,1,1,1,1,2,1,1,1,1
1113,2,1,1,1,2,2,2,1,1,1,1,2,1,1,1,1,1,1,2,1,1,1,1,1,1,1,1,1,1
635,2,1,1,2,2,2,2,1,1,1,1,1,1,1,2,1,1,1,1,1,1,1,1,1,2,1,1,1,1
73,2,1,2,1,1,2,2,1,1,2,1,1,1,1,2,1,1,1,1,1,1,1,2,1,1,1,1,1,1
419,2,1,1,1,2,2,1,2,1,2,1,1,1,1,1,1,1,2,1,1,1,1,1,1,1,1,1,1,2
583,2,2,1,1,2,2,2,1,1,2,2,1,1,1,1,1,1,1,1,1,1,1,1,1,2,1,1,1,1
138,2,1,2,1,2,2,2,2,1,2,1,1,2,1,1,1,1,1,2,1,1,1,1,1,1,1,1,1,1
25,2,1,1,1,2,1,2,1,1,2,1,2,1,1,1,1,1,1,1,1,1,1,1,1,2,1,1,1,1
251,2,1,2,1,1,2,2,2,1,2,1,2,1,1,1,1,1,1,1,2,1,1,1,1,1,1,1,1,1
243,2,1,1,2,2,2,2,1,1,1,1,1,2,1,1,1,1,1,1,1,1,1,1,1,2,1,1,1,1
466,2,1,1,1,2,2,2,2,1,2,1,1,2,1,1,1,1,1,1,1,1,1,1,2,1,1,1,1,1
1269,2,1,2,1,1,2,2,2,1,2,1,1,2,1,1,1,1,1,1,1,2,1,1,1,1,1,1,1,1
518,2,2,1,1,2,1,2,1,1,1,1,2,1,1,1,1,1,1,2,1,1,1,1,1,1,1,1,1,1
1338,2,1,2,1,2,1,2,1,1,1,1,1,1,2,1,1,1,1,1,1,1,1,1,1,2,1,1,1,1
744,2,1,1,1,2,2,2,1,1,1,1,2,1,1,1,1,1,1,1,1,1,1,1,2,1,1,1,1,1
995,2,2,1,1,2,1,2,1,1,1,1,1,1,1,1,1,2,1,1,1,1,1,1,2,1,1,1,1,1
81,2,1,1,1,2,2,2,1,1,1,1,1,1,2,1,1,1,1,2,1,1,1,1,1,1,1,1,1,1
352,2,1,1,1,2,1,2,1,1,1,1,2,1,1,1,1,1,1,1,1,1,1,1,1,2,1,1,1,1
969,2,1,1,1,2,2,2,2,1,2,1,1,1,1,2,1,1,1,1,1,1,1,1,1,2,1,1,1,1
555,3,1,1,1,2,1,2,1,1,1,1,1,1,1,1,1,1,1,1,1,1,1,1,2,1,1,1,2,1
1003,3,1,2,1,1,1,2,2,1,2,1,1,1,1,1,1,1,1,1,1,1,1,1,1,1,1,1,2,2
937,3,1,1,1,2,1,2,1,1,1,1,1,1,1,1,1,1,1,2,1,1,1,1,1,1,1,1,2,1
1498,2,1,1,1,2,2,2,1,1,1,1,2,1,1,1,1,1,1,2,1,1,1,1,1,1,1,1,1,1
1263,2,2,1,1,2,1,2,2,1,2,1,1,2,1,1,1,1,1,1,1,1,1,1,1,2,1,1,1,1
1282,2,2,1,1,2,2,2,1,1,1,1,2,1,1,1,1,1,1,1,1,1,1,1,2,1,1,1,1,1
1475,2,1,1,1,2,1,2,1,1,1,1,2,1,1,1,1,1,1,2,1,1,1,1,1,1,1,1,1,1
657,2,1,1,2,2,1,2,1,1,1,1,1,1,1,1,1,1,2,2,1,1,1,1,1,1,1,1,1,1
448,2,1,1,1,1,2,2,2,1,2,1,1,1,1,1,1,1,2,1,1,1,1,1,1,2,1,1,1,1
1035,2,2,1,1,2,2,2,2,1,2,1,1,1,1,2,1,1,1,1,1,1,1,1,1,2,1,1,1,1
1386,2,2,1,1,2,2,2,1,1,1,2,1,1,1,1,1,1,1,2,1,1,1,1,1,1,1,1,1,1
578,2,1,1,1,2,2,2,1,1,1,2,1,1,1,1,1,1,1,2,1,1,1,1,1,1,1,1,1,1
783,3,1,1,2,2,1,1,1,1,2,1,1,1,1,1,1,1,2,2,1,1,1,1,1,1,1,1,1,1
1355,2,1,2,1,2,2,2,1,2,2,1,2,1,1,1,1,1,1,1,2,1,1,1,1,1,1,1,1,1
1292,2,2,1,1,2,2,2,1,1,1,2,1,1,1,1,1,1,1,2,1,1,1,1,1,1,1,1,1,1
435,2,1,1,2,2,2,2,2,1,2,2,1,1,1,1,1,1,1,1,1,2,1,1,1,1,1,1,1,1
1371,2,1,1,1,2,2,2,1,1,2,1,1,2,1,1,1,1,1,1,1,1,1,1,1,2,1,1,1,1
550,2,1,1,1,2,2,2,1,1,1,1,1,1,1,2,1,1,1,1,1,1,1,1,2,1,1,1,1,1
528,2,2,1,1,2,2,1,1,1,1,1,1,1,1,1,2,1,1,2,1,1,1,1,1,1,1,1,1,1
1182,2,1,1,1,2,1,2,2,1,2,2,1,1,1,1,1,1,1,2,1,1,1,1,1,1,1,1,1,1
831,2,1,1,1,2,2,2,1,1,1,2,1,1,1,1,1,1,1,1,1,1,1,1,1,2,1,1,1,1
1361,2,1,1,1,2,2,2,2,1,2,2,1,1,1,1,1,1,1,1,1,2,1,1,1,1,1,1,1,1
376,3,1,1,1,2,1,2,1,1,1,1,1,2,1,1,1,1,1,1,2,1,1,1,1,1,1,1,1,1
334,2,1,1,1,2,2,2,1,1,1,1,2,1,1,1,1,1,1,2,1,1,1,1,1,1,1,1,1,1
113,3,1,1,1,2,1,2,1,1,1,1,1,1,1,1,2,1,1,2,1,1,1,1,1,1,1,1,1,1
860,2,2,1,1,2,2,2,2,1,2,2,1,1,1,1,1,1,1,1,2,1,1,1,1,1,1,1,1,1
1470,2,1,1,1,2,2,2,2,1,2,1,2,1,1,1,1,1,1,2,1,1,1,1,1,1,1,1,1,1
1497,3,1,1,1,2,1,2,1,1,1,1,2,1,1,1,1,1,1,2,1,1,1,1,1,1,1,1,1,1
792,3,1,1,1,2,1,2,1,1,1,1,1,1,2,1,1,1,1,2,1,1,1,1,1,1,1,1,1,1
114,2,2,1,1,2,2,2,1,2,1,1,2,1,1,1,1,1,1,1,1,2,1,1,1,1,1,1,1,1
1357,2,1,1,2,2,1,2,2,1,2,1,1,1,1,1,1,2,1,2,1,1,1,1,1,1,1,1,1,1
1036,2,1,2,1,2,2,2,2,1,2,2,1,1,1,1,1,1,1,1,1,1,1,1,1,2,1,1,1,1
1327,2,1,1,1,2,2,2,1,1,1,1,1,1,1,1,1,1,2,1,1,1,1,1,1,2,1,1,1,1
1364,2,2,1,1,2,2,2,2,1,2,1,1,1,1,1,2,1,1,2,1,1,1,1,1,1,1,1,1,1
697,1,1,1,1,2,2,2,2,1,2,1,1,1,1,1,1,1,2,1,1,2,1,1,1,1,1,1,1,1
1407,2,1,2,1,2,2,2,1,1,1,1,2,1,1,1,1,1,1,1,1,1,1,1,1,2,1,1,1,1
737,2,2,1,1,2,2,2,2,1,2,1,1,1,1,1,2,1,1,2,1,1,1,1,1,1,1,1,1,1
21,2,1,1,1,2,2,2,1,1,1,1,2,1,1,1,1,1,1,2,1,1,1,1,1,1,1,1,1,1
1374,3,1,1,1,2,1,2,1,1,1,1,1,1,1,1,2,1,1,1,1,1,1,1,2,1,1,1,1,1
1085,2,1,2,1,2,2,2,2,2,2,1,2,1,1,1,1,1,1,1,1,1,1,1,2,1,1,1,1,1
473,2,2,1,1,2,2,2,1,1,1,1,1,2,1,1,1,1,1,2,1,1,1,1,1,1,1,1,1,1
565,2,2,1,1,2,2,2,1,1,1,1,1,1,2,1,1,1,1,1,1,1,1,1,2,1,1,1,1,1
1267,2,1,1,1,2,2,2,2,1,2,1,1,1,1,1,2,1,1,1,1,1,1,1,1,1,2,1,1,1
1241,2,2,1,1,2,1,2,1,1,1,1,1,2,1,1,1,1,1,2,1,1,1,1,1,1,1,1,1,1
1334,2,1,1,1,2,1,2,2,2,2,1,1,1,1,1,2,1,1,1,1,1,1,1,1,2,1,1,1,1
765,2,1,1,1,2,2,2,1,1,1,1,2,1,1,1,1,1,1,1,1,1,1,1,1,1,1,2,1,1
240,3,1,1,1,2,1,2,1,1,1,1,1,2,1,1,1,1,1,2,1,1,1,1,1,1,1,1,1,1
932,2,1,1,1,2,2,2,1,1,1,1,1,1,1,2,1,1,1,2,1,1,1,1,1,1,1,1,1,1
88,2,1,1,1,1,2,2,2,1,2,1,1,1,1,1,2,1,1,1,1,1,1,1,2,1,1,1,1,1
1217,2,1,1,2,2,2,2,1,1,2,1,1,1,1,1,2,1,1,1,1,1,1,1,1,1,2,1,1,1
911,2,2,1,1,2,1,2,1,1,1,2,1,1,1,1,1,1,1,2,1,1,1,1,1,1,1,1,1,1
593,2,1,2,1,2,2,2,2,1,2,2,1,1,1,1,1,1,1,2,1,1,1,1,1,1,1,1,1,1
629,2,2,1,1,2,2,2,1,1,1,1,1,2,1,1,1,1,1,1,1,1,1,1,1,1,1,1,1,2
1156,2,1,2,1,2,1,2,2,1,2,1,2,1,1,1,1,1,1,1,1,1,1,1,2,1,1,1,1,1
1440,2,1,1,1,1,2,2,2,1,2,1,1,1,1,1,1,1,1,1,1,2,1,1,1,1,1,1,2,1
22,2,1,1,1,2,2,2,2,1,2,1,1,2,1,1,1,1,1,1,1,1,1,1,1,2,1,1,1,1
1226,2,1,1,1,1,2,2,2,1,2,2,1,1,1,1,1,1,1,2,1,1,1,1,1,1,1,1,1,1
481,2,1,2,1,1,2,2,2,1,2,1,1,2,1,1,1,1,1,1,1,1,1,1,1,1,1,2,1,1
1320,2,1,1,1,2,1,2,1,1,1,1,2,1,1,1,1,1,1,1,1,1,1,1,1,2,1,1,1,1
834,2,1,1,1,2,2,2,1,1,1,1,2,1,1,1,1,1,1,1,1,1,1,1,1,2,1,1,1,1
862,4,1,1,2,1,1,1,1,2,2,1,1,1,1,1,1,1,1,1,1,1,1,2,1,1,1,1,2,1
407,2,2,1,1,2,2,2,1,1,1,1,1,1,1,1,1,2,1,2,1,1,1,1,1,1,1,1,1,1
574,2,2,1,1,2,2,2,1,1,1,1,2,1,1,1,1,1,1,1,1,1,1,1,2,1,1,1,1,1
794,2,1,2,1,2,2,2,1,1,1,1,2,1,1,1,1,1,1,1,1,1,1,1,1,2,1,1,1,1
798,2,2,1,1,2,2,2,1,1,1,1,1,2,1,1,1,1,1,1,1,1,1,1,1,1,1,2,1,1
398,2,2,1,1,2,2,2,2,1,2,1,1,1,2,1,1,1,1,1,1,1,1,1,1,2,1,1,1,1
1302,2,2,1,1,2,2,2,1,1,1,1,1,1,1,2,1,1,1,1,1,1,1,1,1,1,1,2,1,1
1441,2,2,1,1,2,2,2,1,1,1,1,1,1,1,1,2,1,1,1,1,1,1,1,2,1,1,1,1,1
267,2,2,1,1,2,2,2,1,1,1,1,1,2,1,1,1,1,1,1,1,1,1,1,2,1,1,1,1,1
201,2,1,1,1,2,2,2,1,1,1,1,1,1,1,1,2,1,1,1,1,1,1,1,1,2,1,1,1,1
1258,2,1,1,1,2,2,2,1,1,1,1,1,1,1,2,1,1,1,2,1,1,1,1,1,1,1,1,1,1
533,2,1,1,1,2,2,2,1,1,1,1,1,1,1,2,1,1,1,1,1,1,1,1,2,1,1,1,1,1
429,2,2,1,1,2,1,2,1,1,1,1,1,1,2,1,1,1,1,1,1,1,1,1,2,1,1,1,1,1
1316,2,2,1,1,2,2,2,1,1,1,1,1,1,2,1,1,1,1,1,1,1,1,1,1,2,1,1,1,1
314,2,1,1,2,2,1,2,1,1,1,1,1,1,1,1,1,2,1,2,1,1,1,1,1,1,1,1,1,1
462,2,1,1,1,2,2,2,1,1,1,1,2,1,1,1,1,1,1,1,1,1,1,1,1,1,1,2,1,1
1120,2,2,1,1,2,1,2,2,1,2,2,1,1,1,1,1,1,1,1,1,1,1,1,2,1,1,1,1,1
168,2,1,1,1,2,2,2,1,1,1,1,1,2,1,1,1,1,1,2,1,1,1,1,1,1,1,1,1,1
1029,2,1,2,1,2,2,2,1,1,1,1,1,1,1,1,1,1,1,1,1,1,1,1,1,1,2,1,2,1
1189,2,2,1,1,2,2,2,2,1,2,2,1,1,1,1,1,1,1,1,1,1,1,1,1,2,1,1,1,1
670,2,1,1,1,2,2,2,1,1,1,1,1,1,1,1,1,1,1,2,1,1,1,1,1,1,1,1,2,1
1107,2,1,2,1,2,2,2,1,1,2,1,2,1,1,1,1,1,1,1,1,1,1,1,1,2,1,1,1,1
556,2,2,1,1,2,1,2,1,1,1,1,1,1,1,1,1,2,1,1,1,1,1,1,1,1,1,2,1,1
277,2,1,1,1,2,2,1,2,1,2,1,2,1,1,1,1,1,1,1,1,1,1,1,1,2,1,1,1,1
1283,2,1,1,1,2,1,2,1,1,1,1,1,1,1,1,2,1,1,2,1,1,1,1,1,1,1,1,1,1
1301,2,1,2,1,2,2,2,1,1,1,1,1,1,1,1,1,1,2,2,1,1,1,1,1,1,1,1,1,1
931,2,1,2,1,2,1,2,1,1,1,1,1,1,1,1,1,2,1,2,1,1,1,1,1,1,1,1,1,1
83,2,1,1,1,2,2,2,1,1,1,1,1,1,1,1,2,1,1,2,1,1,1,1,1,1,1,1,1,1
1093,2,1,1,1,2,2,2,2,1,2,1,1,1,1,2,1,1,1,2,1,1,1,1,1,1,1,1,1,1
950,2,1,1,1,2,1,2,1,1,1,1,1,1,1,1,2,1,1,1,1,1,1,1,2,1,1,1,1,1
1259,2,1,1,1,2,2,2,1,1,1,1,1,1,1,1,2,1,1,2,1,1,1,1,1,1,1,1,1,1
181,2,2,1,1,2,2,1,2,1,2,1,1,1,1,1,1,2,1,2,1,1,1,1,1,1,1,1,1,1
263,2,1,1,1,2,2,2,1,1,1,1,1,1,1,1,2,1,1,1,1,1,1,1,1,2,1,1,1,1
98,3,1,2,1,2,1,2,1,1,1,1,1,1,1,1,2,1,1,2,1,1,1,1,1,1,1,1,1,1
1347,2,1,1,1,2,2,2,2,1,2,1,1,1,1,1,1,1,1,2,1,1,1,1,1,1,1,1,2,1
949,2,1,1,1,2,2,2,2,1,2,1,1,2,1,1,1,1,1,1,1,1,1,1,1,2,1,1,1,1
981,2,1,1,1,2,2,2,2,1,2,1,2,1,1,1,1,1,1,1,1,1,1,1,2,1,1,1,1,1
1401,2,1,1,1,1,2,2,2,2,2,1,1,1,1,1,1,2,1,2,1,1,1,1,1,1,1,1,1,1
1092,2,1,1,1,1,2,2,1,1,2,2,1,1,1,1,1,1,1,2,1,1,1,1,1,1,1,1,1,1
679,2,1,1,1,2,2,2,1,1,1,2,1,1,1,1,1,1,1,1,2,1,1,1,1,1,1,1,1,1
749,2,1,1,1,2,2,2,1,1,1,1,1,1,1,1,1,1,1,1,1,1,1,1,2,1,1,1,2,1
763,2,1,1,1,2,1,2,1,1,1,1,1,2,1,1,1,1,1,2,1,1,1,1,1,1,1,1,1,1
1294,2,1,2,1,2,2,2,2,1,2,1,1,1,1,1,1,1,1,1,1,1,1,1,1,1,1,1,2,2
1137,2,1,1,2,1,2,2,2,2,2,1,1,2,1,1,1,1,1,1,1,2,1,1,1,1,1,1,1,1
624,2,2,1,1,2,2,2,1,1,1,1,1,1,1,1,1,2,1,1,1,1,1,1,1,1,1,2,1,1
123,2,1,1,1,2,2,2,1,1,2,1,1,1,1,1,2,1,1,1,1,1,1,1,1,2,1,1,1,1
830,2,1,1,1,2,1,2,1,1,1,2,1,1,1,1,1,1,1,1,1,1,1,1,1,1,1,2,1,1
116,2,1,1,1,2,2,2,2,1,2,1,2,1,1,1,1,1,1,2,1,1,1,1,1,1,1,1,1,1
1486,2,2,1,1,2,1,2,1,1,1,1,1,1,1,1,1,1,2,2,1,1,1,1,1,1,1,1,1,1
104,2,1,1,1,2,2,2,1,1,1,1,1,1,1,1,1,1,2,2,1,1,1,1,1,1,1,1,1,1
748,2,1,1,1,2,2,2,2,1,2,1,1,1,1,1,1,2,1,1,1,1,1,1,1,2,1,1,1,1
488,2,1,1,1,2,2,2,1,1,1,1,1,1,1,1,2,1,1,1,1,1,1,1,1,1,1,2,1,1
207,2,1,1,1,2,2,2,1,1,1,1,1,1,1,1,2,1,1,1,2,1,1,1,1,1,1,1,1,1
1063,2,2,1,1,2,1,2,1,1,1,1,1,1,2,1,1,1,1,1,1,1,1,1,1,2,1,1,1,1
182,3,2,1,1,2,2,2,1,1,1,2,1,1,1,1,1,1,1,1,1,1,1,1,2,1,1,1,1,1
409,2,1,2,1,2,1,2,1,1,2,2,1,1,1,1,1,1,1,1,1,1,1,1,1,2,1,1,1,1
1136,3,1,1,1,1,2,2,1,1,2,2,1,1,1,1,1,1,1,2,1,1,1,1,1,1,1,1,1,1
898,2,1,2,1,2,2,2,1,1,1,1,2,1,1,1,1,1,1,1,1,1,1,1,2,1,1,1,1,1
1409,2,1,1,1,2,2,2,1,1,1,1,1,1,1,1,2,1,1,1,1,1,1,1,1,2,1,1,1,1
847,2,2,1,1,2,2,2,1,1,1,1,1,1,1,1,2,1,1,1,2,1,1,1,1,1,1,1,1,1
305,2,1,2,1,2,1,2,1,1,2,1,2,1,1,1,1,1,1,1,1,1,1,1,1,2,1,1,1,1
920,2,1,2,1,1,2,1,2,1,2,1,1,1,1,1,1,1,1,1,1,2,1,1,1,1,1,1,2,1
443,2,1,1,1,2,2,2,2,1,2,1,1,1,1,2,1,1,1,1,2,1,1,1,1,1,1,1,1,1
1053,2,1,2,1,2,2,2,2,1,2,2,1,1,1,1,1,1,1,1,1,1,1,1,1,1,1,2,1,1
456,2,1,2,1,2,2,2,2,1,2,1,2,1,1,1,1,1,1,1,1,1,1,1,1,2,1,1,1,1
1171,2,1,1,1,2,2,2,1,1,1,1,1,1,1,1,2,1,1,2,1,1,1,1,1,1,1,1,1,1
338,2,1,2,1,2,2,2,1,1,1,2,1,1,1,1,1,1,1,1,1,1,1,1,2,1,1,1,1,1
469,2,1,2,1,2,2,2,2,1,2,1,2,1,1,1,1,1,1,2,1,1,1,1,1,1,1,1,1,1
271,2,1,2,1,2,2,2,1,1,1,1,1,1,1,1,2,1,1,1,1,1,1,1,2,1,1,1,1,1
283,2,1,1,2,2,1,2,2,1,2,1,1,1,1,1,1,1,1,1,1,1,1,1,1,2,1,1,2,1
72,2,2,1,1,2,2,2,1,1,1,1,1,2,1,1,1,1,1,2,1,1,1,1,1,1,1,1,1,1
966,2,2,1,1,2,2,2,1,1,1,1,2,1,1,1,1,1,1,1,2,1,1,1,1,1,1,1,1,1
253,2,2,1,1,2,1,2,1,1,1,1,1,1,1,1,2,1,1,1,2,1,1,1,1,1,1,1,1,1
404,2,1,1,1,2,1,2,1,1,1,1,1,2,1,1,1,1,1,2,1,1,1,1,1,1,1,1,1,1
807,2,1,2,1,2,2,2,2,1,2,1,2,1,1,1,1,1,1,1,1,1,1,1,1,1,1,2,1,1
2,2,1,1,1,2,1,2,1,1,1,1,1,1,1,2,1,1,1,2,1,1,1,1,1,1,1,1,1,1
350,2,1,1,1,2,2,2,1,1,1,2,1,1,1,1,1,1,1,1,1,1,1,1,2,1,1,1,1,1
1411,2,1,2,1,1,2,2,1,1,2,1,1,1,1,1,2,1,1,1,2,1,1,1,1,1,1,1,1,1
959,2,1,1,1,2,2,2,1,1,2,1,1,1,1,2,1,1,1,2,1,1,1,1,1,1,1,1,1,1
852,2,1,1,1,2,1,2,1,1,1,1,1,1,1,2,1,1,1,2,1,1,1,1,1,1,1,1,1,1
1177,2,2,1,1,2,2,2,2,1,2,1,2,1,1,1,1,1,1,1,2,1,1,1,1,1,1,1,1,1
